Country Name,Country Code,Indicator Name,Indicator Code,1960,1961,1962,1963,1964,1965,1966,1967,1968,1969,1970,1971,1972,1973,1974,1975,1976,1977,1978,1979,1980,1981,1982,1983,1984,1985,1986,1987,1988,1989,1990,1991,1992,1993,1994,1995,1996,1997,1998,1999,2000,2001,2002,2003,2004,2005,2006,2007,2008,2009,2010,2011,2012,2013,2014,2015,2016,2017,2018,2019,2020,2021,2022
Aruba,ABW,"Unemployment, total (% of total labor force) (modeled ILO estimate)",SL.UEM.TOTL.ZS,,,,,,,,,,,,,,,,,,,,,,,,,,,,,,,,,,,,,,,,,,,,,,,,,,,,,,,,,,,,,,,
Africa Eastern and Southern,AFE,"Unemployment, total (% of total labor force) (modeled ILO estimate)",SL.UEM.TOTL.ZS,,,,,,,,,,,,,,,,,,,,,,,,,,,,,,,,7.333335829,7.31874716,7.242705318,7.160694079,7.063796009,7.055997848,7.090541279,7.060096392,7.015271496,6.939536435,6.850376004,6.803536656,6.74124106,6.535173151,6.373502557,6.347598359,6.283420969,6.232560527,6.295586914,6.933644662,6.715357928,6.599355622,6.512783891,6.555645198,6.707141639,6.855589402,6.940365023,6.913046364,7.121663506,7.631303411,7.920218845,7.91683058
Afghanistan,AFG,"Unemployment, total (% of total labor force) (modeled ILO estimate)",SL.UEM.TOTL.ZS,,,,,,,,,,,,,,,,,,,,,,,,,,,,,,,,8.121,8.168,8.123,8.111,8.26,8.165,8.089,8.082,8.07,8.054,8.04,8.186,8.122,8.053,8.113,8.054,8.108,8.022,8.082,8.068,7.947,8.019,7.949,7.91,8.989,10.086,11.18,11.11,11.085,11.71,,
Africa Western and Central,AFW,"Unemployment, total (% of total labor force) (modeled ILO estimate)",SL.UEM.TOTL.ZS,,,,,,,,,,,,,,,,,,,,,,,,,,,,,,,,4.224595137,4.335460405,4.372125048,4.366897654,4.34899635,4.379536901,4.421116699,4.454917482,4.637772798,4.666422595,4.581780526,4.448733038,4.405969051,4.352562132,4.321496293,4.20305842,4.148270459,4.16744299,4.215072649,4.235777404,4.188827617,4.167556186,3.804447466,3.985877994,4.241135882,4.112957928,4.140483974,4.201598674,4.2614142,4.914143315,4.873635163,4.7421746
Angola,AGO,"Unemployment, total (% of total labor force) (modeled ILO estimate)",SL.UEM.TOTL.ZS,,,,,,,,,,,,,,,,,,,,,,,,,,,,,,,,4.489,4.487,4.531,4.395,4.304,4.274,4.262,4.234,4.206,4.163,4.119,4.043,4.043,3.972,3.915,3.882,3.827,3.791,3.78,9.43,7.36,8.064,8.834,9.58,9.584,9.586,9.535,9.522,9.481,10.35,10.384,10.209
Albania,ALB,"Unemployment, total (% of total labor force) (modeled ILO estimate)",SL.UEM.TOTL.ZS,,,,,,,,,,,,,,,,,,,,,,,,,,,,,,,,10.307,30.015,25.258,20.84,14.611,13.931,16.876,20.047,20.84,19.028,18.575,17.895,16.989,16.31,15.97,15.63,15.97,13.06,13.67,14.09,13.48,13.38,15.87,18.05,17.19,15.42,13.62,12.3,11.47,13.067,12.683,11.808
Andorra,AND,"Unemployment, total (% of total labor force) (modeled ILO estimate)",SL.UEM.TOTL.ZS,,,,,,,,,,,,,,,,,,,,,,,,,,,,,,,,,,,,,,,,,,,,,,,,,,,,,,,,,,,,,,,
Arab World,ARB,"Unemployment, total (% of total labor force) (modeled ILO estimate)",SL.UEM.TOTL.ZS,,,,,,,,,,,,,,,,,,,,,,,,,,,,,,,,11.66344314,11.95044754,12.66187259,12.73837998,13.2169994,12.26632238,11.8387853,11.84801863,11.9772997,12.44784586,12.32400013,12.33008481,12.25429412,11.27934126,11.12125805,10.41118545,10.00305119,9.698519064,9.312896662,9.386506885,10.47496761,10.67354513,10.73433927,10.85621366,10.96821927,10.76335878,10.91992044,10.58333986,10.16515832,11.34837054,11.02369363,10.66381681
United Arab Emirates,ARE,"Unemployment, total (% of total labor force) (modeled ILO estimate)",SL.UEM.TOTL.ZS,,,,,,,,,,,,,,,,,,,,,,,,,,,,,,,,1.887,1.858,1.862,1.81,1.8,1.903,1.983,2.147,2.223,2.25,2.501,2.654,2.751,2.904,3.12,2.926,2.86,2.721,2.668,2.464,2.284,2.171,2.032,1.902,1.763,1.64,2.46,2.24,2.33,4.29,3.11,2.754
Argentina,ARG,"Unemployment, total (% of total labor force) (modeled ILO estimate)",SL.UEM.TOTL.ZS,,,,,,,,,,,,,,,,,,,,,,,,,,,,,,,,5.44,6.36,10.1,11.76,18.8,17.11,14.82,12.65,14.05,15,17.32,19.59,15.36,13.52,11.51,10.08,8.47,7.84,8.65,7.71,7.18,7.22,7.1,7.27,7.524,8.109,8.35,9.22,9.84,11.46,8.74,6.491
Armenia,ARM,"Unemployment, total (% of total labor force) (modeled ILO estimate)",SL.UEM.TOTL.ZS,,,,,,,,,,,,,,,,,,,,,,,,,,,,,,,,1.6,1.8,5.3,6.6,6.7,9.3,10.8,9.4,11.2,11.055,10.933,10.81,10.625,10.347,10.218,10.001,9.81,9.997,9.894,10.542,10.917,11.298,11.531,11.862,12.177,12.426,12.944,13.21,12.2,12.18,12.729,12.557
American Samoa,ASM,"Unemployment, total (% of total labor force) (modeled ILO estimate)",SL.UEM.TOTL.ZS,,,,,,,,,,,,,,,,,,,,,,,,,,,,,,,,,,,,,,,,,,,,,,,,,,,,,,,,,,,,,,,
Antigua and Barbuda,ATG,"Unemployment, total (% of total labor force) (modeled ILO estimate)",SL.UEM.TOTL.ZS,,,,,,,,,,,,,,,,,,,,,,,,,,,,,,,,,,,,,,,,,,,,,,,,,,,,,,,,,,,,,,,
Australia,AUS,"Unemployment, total (% of total labor force) (modeled ILO estimate)",SL.UEM.TOTL.ZS,,,,,,,,,,,,,,,,,,,,,,,,,,,,,,,,9.58,10.73,10.87,9.72,8.47,8.51,8.36,7.68,6.87,6.28,6.74,6.37,5.93,5.39,5.03,4.78,4.38,4.23,5.56,5.21,5.08,5.22,5.66,6.08,6.05,5.71,5.59,5.3,5.16,6.46,5.12,3.661
Austria,AUT,"Unemployment, total (% of total labor force) (modeled ILO estimate)",SL.UEM.TOTL.ZS,,,,,,,,,,,,,,,,,,,,,,,,,,,,,,,,3.42,3.59,4.25,3.54,4.34,5.28,5.15,5.48,4.7,4.69,4.01,4.85,4.78,5.83,5.63,5.24,4.86,4.13,5.3,4.82,4.56,4.87,5.34,5.62,5.72,6.01,5.5,4.85,4.49,5.36,6.18,4.707
Azerbaijan,AZE,"Unemployment, total (% of total labor force) (modeled ILO estimate)",SL.UEM.TOTL.ZS,,,,,,,,,,,,,,,,,,,,,,,,,,,,,,,,0.9,1.8,4.5,6.3,7.2,8.1,9.1,10,10.9,11.78,10.91,10.04,9.17,7.99,7.26,6.62,6.33,5.86,5.74,5.63,5.42,5.19,4.97,4.91,4.96,5,4.96,4.94,4.85,7.16,5.95,5.462
Burundi,BDI,"Unemployment, total (% of total labor force) (modeled ILO estimate)",SL.UEM.TOTL.ZS,,,,,,,,,,,,,,,,,,,,,,,,,,,,,,,,2.616,2.689,2.812,2.819,2.892,2.933,2.897,2.859,2.962,2.998,3.003,3.014,3.126,3.094,3.189,3.18,2.423,1.63,1.625,1.606,1.602,1.589,1.576,1.57,1.477,1.315,1.166,1.017,0.871,1.03,1.132,1.02
Belgium,BEL,"Unemployment, total (% of total labor force) (modeled ILO estimate)",SL.UEM.TOTL.ZS,,,,,,,,,,,,,,,,,,,,,,,,,,,,,,,,6.98,6.7,8.08,9.65,9.34,9.48,8.95,9.32,8.65,6.59,6.18,6.91,7.68,7.36,8.44,8.25,7.46,6.98,7.91,8.29,7.14,7.54,8.43,8.52,8.48,7.83,7.09,5.95,5.36,5.55,6.26,5.631
Benin,BEN,"Unemployment, total (% of total labor force) (modeled ILO estimate)",SL.UEM.TOTL.ZS,,,,,,,,,,,,,,,,,,,,,,,,,,,,,,,,1.484,1.51,1.396,1.358,1.237,1.175,1.083,1.018,0.927,0.843,0.766,0.69,0.738,0.773,0.832,0.859,0.886,0.935,0.996,1.04,2.65,2.454,2.254,2.111,2.023,1.836,1.643,1.47,1.466,1.671,1.752,1.654
Burkina Faso,BFA,"Unemployment, total (% of total labor force) (modeled ILO estimate)",SL.UEM.TOTL.ZS,,,,,,,,,,,,,,,,,,,,,,,,,,,,,,,,2.553,2.627,2.576,2.58,2.514,2.441,2.468,2.44,2.508,2.635,2.654,2.749,2.78,3.442,4,3.658,3.3,3.406,3.574,3.626,3.78,3.912,4.052,4.206,4.344,4.44,4.566,4.69,4.693,5.055,5.232,5.175
Bangladesh,BGD,"Unemployment, total (% of total labor force) (modeled ILO estimate)",SL.UEM.TOTL.ZS,,,,,,,,,,,,,,,,,,,,,,,,,,,,,,,,2.2,2.295,2.339,2.381,2.464,2.51,2.694,2.895,3.068,3.27,3.618,3.934,4.32,4.272,4.25,3.59,4.092,4.548,5,3.38,3.75,4.099,4.43,4.393,4.371,4.35,4.37,4.38,4.382,5.209,5.097,4.699
Bulgaria,BGR,"Unemployment, total (% of total labor force) (modeled ILO estimate)",SL.UEM.TOTL.ZS,,,,,,,,,,,,,,,,,,,,,,,,,,,,,,,,11.1,15.3,16.4,12.8,11.1,12.5,13.7,12.2,14.1,16.22,19.92,18.11,13.73,12.04,10.08,8.95,6.88,5.61,6.82,10.28,11.26,12.27,12.94,11.42,9.14,7.57,6.16,5.21,4.23,5.12,5.27,4.402
Bahrain,BHR,"Unemployment, total (% of total labor force) (modeled ILO estimate)",SL.UEM.TOTL.ZS,,,,,,,,,,,,,,,,,,,,,,,,,,,,,,,,1.061,1.102,1.05,1.167,1.128,1.127,1.136,1.121,1.126,1.117,1.144,1.136,1.11,1.103,1.104,1.107,1.091,1.11,1.144,1.13,1.185,1.2,1.178,1.184,1.197,1.181,1.169,1.185,1.181,1.674,1.532,1.399
"Bahamas, The",BHS,"Unemployment, total (% of total labor force) (modeled ILO estimate)",SL.UEM.TOTL.ZS,,,,,,,,,,,,,,,,,,,,,,,,,,,,,,,,12.17,14.81,12.72,13.83,10.83,11.46,9.76,7.65,7.45,7.196,6.87,9.05,10.84,10.2,10.2,7.54,7.88,8.18,14.25,14.321,14.52,14.02,16.18,13.8,12,12.7,9.8,10,10.051,12.867,11.665,10.056
Bosnia and Herzegovina,BIH,"Unemployment, total (% of total labor force) (modeled ILO estimate)",SL.UEM.TOTL.ZS,,,,,,,,,,,,,,,,,,,,,,,,,,,,,,,,17.55,18.308,19.345,20.768,21.842,22.841,23.679,24.542,25.138,26.189,26.537,27.554,28.371,29.393,30.136,31.11,28.98,23.41,24.07,27.31,27.58,28.01,27.49,27.52,27.69,25.41,20.53,18.4,15.69,15.265,14.9,14.053
Belarus,BLR,"Unemployment, total (% of total labor force) (modeled ILO estimate)",SL.UEM.TOTL.ZS,,,,,,,,,,,,,,,,,,,,,,,,,,,,,,,,0.6,3.1,8.5,12.8,17.7,24.4,17.1,14,12.8,12.254,11.537,10.885,10.299,9.796,9.039,8.381,7.659,7.027,6.1,6.257,6.169,6.051,6.007,5.996,5.838,5.84,5.65,4.76,4.16,4.05,3.9,4.17
Belize,BLZ,"Unemployment, total (% of total labor force) (modeled ILO estimate)",SL.UEM.TOTL.ZS,,,,,,,,,,,,,,,,,,,,,,,,,,,,,,,,9.73,9.716,9.78,11.1,12.48,13.82,12.68,14.31,12.84,10.869,9.07,10.04,10.257,10.594,10.91,9.39,8.51,8.18,8.244,8.244,8.284,8.308,8.35,8.24,7.58,7,6.6,7.814,9.05,10.788,10.29,9.687
Bermuda,BMU,"Unemployment, total (% of total labor force) (modeled ILO estimate)",SL.UEM.TOTL.ZS,,,,,,,,,,,,,,,,,,,,,,,,,,,,,,,,,,,,,,,,,,,,,,,,,,,,,,,,,,,,,,,
Bolivia,BOL,"Unemployment, total (% of total labor force) (modeled ILO estimate)",SL.UEM.TOTL.ZS,,,,,,,,,,,,,,,,,,,,,,,,,,,,,,,,2.98,3.262,3.089,3.08,2.752,2.44,2.08,2.13,2.432,2.373,2.479,2.49,2.533,2.503,2.543,2.575,2.643,2.6,2.97,2.614,2.25,2.07,2.44,2.02,3.11,3.5,3.65,3.52,3.68,7.9,5.09,4.419
Brazil,BRA,"Unemployment, total (% of total labor force) (modeled ILO estimate)",SL.UEM.TOTL.ZS,,,,,,,,,,,,,,,,,,,,,,,,,,,,,,,,6.366,6.42,6.03,6.47,7.09,8.03,9,10.15,11.13,10.53,10.65,10.64,11.17,10.07,10.55,9.69,9.28,8.27,9.42,8.034,7.58,7.25,7.07,6.76,8.56,11.74,12.93,12.46,12.05,13.93,13.34,9.461
Barbados,BRB,"Unemployment, total (% of total labor force) (modeled ILO estimate)",SL.UEM.TOTL.ZS,,,,,,,,,,,,,,,,,,,,,,,,,,,,,,,,22.683,22.94,24.54,22.98,19.66,14.71,14.61,12.4,10.61,9.35,9.85,10.32,11,9.57,9.08,8.73,7.41,8.12,10.02,10.69,11.19,11.59,11.55,12.17,9.8,8.25,8.62,8.32,8.41,10.105,9.582,8.203
Brunei Darussalam,BRN,"Unemployment, total (% of total labor force) (modeled ILO estimate)",SL.UEM.TOTL.ZS,,,,,,,,,,,,,,,,,,,,,,,,,,,,,,,,4.7,4.824,4.863,5.004,5.125,5.202,5.234,5.346,5.502,5.597,5.694,5.81,5.891,5.946,6.04,6.21,6.23,6.288,6.388,6.568,6.69,6.732,6.77,6.86,7.693,8.432,9.32,8.7,6.92,7.41,7.446,7.203
Bhutan,BTN,"Unemployment, total (% of total labor force) (modeled ILO estimate)",SL.UEM.TOTL.ZS,,,,,,,,,,,,,,,,,,,,,,,,,,,,,,,,1.482,1.49,1.462,1.46,1.454,1.431,1.414,1.4,1.4,1.625,1.9,1.867,1.8,2.49,3.1,3.13,3.7,3.746,3.96,3.32,3.23,2.05,2.87,2.63,2.45,2.774,3.056,3.35,2.72,5.03,3.908,3.604
Botswana,BWA,"Unemployment, total (% of total labor force) (modeled ILO estimate)",SL.UEM.TOTL.ZS,,,,,,,,,,,,,,,,,,,,,,,,,,,,,,,,13.82,16.325,18.785,21.2,21.35,21.59,21.126,20.86,18.229,15.88,18.54,21.105,23.8,21.852,19.829,17.78,17.172,16.59,16.17,17.86,18.152,18.416,18.538,18.894,19.299,19.315,19.603,19.838,20.09,21.02,21.155,20.684
Central African Republic,CAF,"Unemployment, total (% of total labor force) (modeled ILO estimate)",SL.UEM.TOTL.ZS,,,,,,,,,,,,,,,,,,,,,,,,,,,,,,,,5.363,5.437,5.466,5.47,5.442,5.458,5.461,5.405,5.365,5.297,5.333,5.367,5.387,5.34,5.333,5.292,5.258,5.206,5.272,5.518,5.457,5.44,5.452,5.577,5.737,5.746,5.762,5.7,5.755,6.38,6.458,6.363
Canada,CAN,"Unemployment, total (% of total labor force) (modeled ILO estimate)",SL.UEM.TOTL.ZS,,,,,,,,,,,,,,,,,,,,,,,,,,,,,,,,10.32,11.2,11.38,10.4,9.49,9.62,9.1,8.28,7.58,6.83,7.22,7.66,7.57,7.19,6.76,6.32,6.04,6.14,8.34,8.06,7.51,7.29,7.07,6.91,6.91,7,6.34,5.83,5.66,9.46,7.46,5.209
Central Europe and the Baltics,CEB,"Unemployment, total (% of total labor force) (modeled ILO estimate)",SL.UEM.TOTL.ZS,,,,,,,,,,,,,,,,,,,,,,,,,,,,,,,,9.223741451,10.10728479,11.53852163,11.38172734,10.84923785,10.19566337,9.163334201,8.953731221,10.38920821,12.44151312,13.22563673,13.73507891,12.9536503,12.93282389,12.05850844,10.10273836,7.808382108,6.607053627,8.489097441,9.901312244,9.788592425,9.978571433,10.04961816,8.953335183,7.820802103,6.490935952,5.29781663,4.316469158,3.780900505,4.370732417,4.484671269,3.829077734
Switzerland,CHE,"Unemployment, total (% of total labor force) (modeled ILO estimate)",SL.UEM.TOTL.ZS,,,,,,,,,,,,,,,,,,,,,,,,,,,,,,,,1.82,2.81,3.55,3.58,3.09,3.68,4.13,3.57,3.05,2.66,2.49,2.92,4.12,4.32,4.44,3.99,3.64,3.35,4.11,4.81,4.41,4.49,4.75,4.83,4.8,4.92,4.8,4.71,4.39,4.82,5.1,4.202
Channel Islands,CHI,"Unemployment, total (% of total labor force) (modeled ILO estimate)",SL.UEM.TOTL.ZS,,,,,,,,,,,,,,,,,,,,,,,,,,,,,,,,6.207,6.66,7.653,7.848,7.574,7.509,7.281,6.831,6.484,5.896,5.545,5.83,6.178,6.375,6.307,5.999,5.677,5.75,7.177,7.551,7.789,8.618,9.212,8.996,8.596,8.118,7.505,6.932,6.777,7.811,7.553,6.916
Chile,CHL,"Unemployment, total (% of total labor force) (modeled ILO estimate)",SL.UEM.TOTL.ZS,,,,,,,,,,,,,,,,,,,,,,,,,,,,,,,,5.23,4.35,4.49,5.87,4.7,7.41,7.14,7.31,11.16,10.49,10.39,10.17,9.77,10.16,9.34,9.02,8.43,9.29,11.31,8.41,7.32,6.64,6.2,6.65,6.49,6.73,6.95,7.21,7.27,11.14,9.35,7.784
China,CHN,"Unemployment, total (% of total labor force) (modeled ILO estimate)",SL.UEM.TOTL.ZS,,,,,,,,,,,,,,,,,,,,,,,,,,,,,,,,2.37,2.37,2.69,2.9,3,3.12,3.23,3.24,3.25,3.26,3.8,4.24,4.58,4.49,4.52,4.43,4.35,4.59,4.72,4.53,4.55,4.58,4.6,4.63,4.65,4.56,4.47,4.31,4.56,5,4.55,4.886
Cote d'Ivoire,CIV,"Unemployment, total (% of total labor force) (modeled ILO estimate)",SL.UEM.TOTL.ZS,,,,,,,,,,,,,,,,,,,,,,,,,,,,,,,,6.608,6.7,5.859,5.005,4.1,4.084,4.055,4.1,4.358,4.602,4.854,5.092,5.349,5.473,5.73,5.932,6.185,6.356,6.602,6.776,7.215,7.22,4.25,3.475,2.697,1.9,3.27,2.835,2.4,2.66,2.817,2.637
Cameroon,CMR,"Unemployment, total (% of total labor force) (modeled ILO estimate)",SL.UEM.TOTL.ZS,,,,,,,,,,,,,,,,,,,,,,,,,,,,,,,,7.656,7.751,7.975,7.871,7.968,8.06,7.934,7.81,7.696,7.591,7.46,6.689,5.903,5.111,4.4,3.724,3.06,3.418,3.766,4.11,3.967,3.817,3.675,3.53,3.546,3.572,3.598,3.609,3.629,3.947,4.122,4.001
"Congo, Dem. Rep.",COD,"Unemployment, total (% of total labor force) (modeled ILO estimate)",SL.UEM.TOTL.ZS,,,,,,,,,,,,,,,,,,,,,,,,,,,,,,,,3.04,3.043,3.05,2.993,2.962,2.964,2.98,2.953,2.957,2.961,2.928,2.895,2.873,2.857,2.85,3.087,3.316,3.551,3.807,4.017,4.254,4.49,4.468,4.449,4.457,4.479,4.459,4.434,4.436,5.127,5.112,4.987
"Congo, Rep.",COG,"Unemployment, total (% of total labor force) (modeled ILO estimate)",SL.UEM.TOTL.ZS,,,,,,,,,,,,,,,,,,,,,,,,,,,,,,,,20.331,20.299,20.327,20.368,20.191,20.156,20.205,20.108,20.174,19.981,20.002,19.958,19.981,19.903,19.8,19.847,20.122,19.975,19.943,20.019,20.19,20.122,20.34,20.274,20.485,20.648,20.592,20.644,20.612,22.517,22.235,21.795
Colombia,COL,"Unemployment, total (% of total labor force) (modeled ILO estimate)",SL.UEM.TOTL.ZS,,,,,,,,,,,,,,,,,,,,,,,,,,,,,,,,10.12,9.44,7.8,8.25,8.72,11.81,12.14,15,20.06,20.52,15.04,15.63,14.19,13.72,11.87,10.963,10.25,10.52,11.32,10.98,10.11,9.74,9.05,8.57,8.3,8.69,8.87,9.11,9.96,15.04,13.9,10.726
Comoros,COM,"Unemployment, total (% of total labor force) (modeled ILO estimate)",SL.UEM.TOTL.ZS,,,,,,,,,,,,,,,,,,,,,,,,,,,,,,,,5.221,5.021,5.043,5.096,4.953,4.964,4.861,4.847,4.796,4.658,4.704,4.66,4.616,4.57,4.918,5.277,5.657,5.972,6.339,6.686,7.037,7.407,7.74,8.14,8.14,8.082,8.056,8.043,8.063,9.032,8.979,8.811
Cabo Verde,CPV,"Unemployment, total (% of total labor force) (modeled ILO estimate)",SL.UEM.TOTL.ZS,,,,,,,,,,,,,,,,,,,,,,,,,,,,,,,,11.607,11.481,11.465,11.328,11.333,11.318,11.277,11.219,11.185,11.11,11.17,11.09,11.047,10.938,10.913,10.847,10.725,10.743,10.754,10.67,10.874,11.127,11.357,11.586,11.81,12.002,12.24,12.17,12.207,14.878,13.91,13.57
Costa Rica,CRI,"Unemployment, total (% of total labor force) (modeled ILO estimate)",SL.UEM.TOTL.ZS,,,,,,,,,,,,,,,,,,,,,,,,,,,,,,,,5.37,3.93,3.95,4.05,5.18,6.16,5.68,5.33,5.9,5.08,5.92,6.33,6.56,6.39,6.57,5.74,4.49,4.78,7.71,7.17,9.52,9.11,8.22,8.5,8.42,8.09,7.73,9.01,10.81,16.43,15.14,11.453
Caribbean small states,CSS,"Unemployment, total (% of total labor force) (modeled ILO estimate)",SL.UEM.TOTL.ZS,,,,,,,,,,,,,,,,,,,,,,,,,,,,,,,,12.20382899,12.62425621,12.49024766,12.167369,11.35557556,11.11501933,10.80880236,10.4928462,10.14279086,9.696037072,9.359231158,9.42815109,9.556722058,8.849216778,8.639257985,7.85396818,7.560534608,7.372989859,8.39064504,8.279727368,8.46387845,8.839210522,9.199659218,8.755618171,8.461566103,8.540965999,7.838296757,7.136060129,6.844145295,8.44932445,8.044777516,7.432033444
Cuba,CUB,"Unemployment, total (% of total labor force) (modeled ILO estimate)",SL.UEM.TOTL.ZS,,,,,,,,,,,,,,,,,,,,,,,,,,,,,,,,7.904,8.056,8.255,8.146,8.27,7.61,7.1,6.23,6.26,5.45,4.08,3.31,2.33,1.85,1.95,1.91,1.79,1.58,1.67,2.5,3.18,3.46,3.29,2.7,2.4,2,1.7,1.7,1.2,1.4,1.473,1.386
Curacao,CUW,"Unemployment, total (% of total labor force) (modeled ILO estimate)",SL.UEM.TOTL.ZS,,,,,,,,,,,,,,,,,,,,,,,,,,,,,,,,,,,,,,,,,,,,,,,,,,,,,,,,,,,,,,,
Cayman Islands,CYM,"Unemployment, total (% of total labor force) (modeled ILO estimate)",SL.UEM.TOTL.ZS,,,,,,,,,,,,,,,,,,,,,,,,,,,,,,,,,,,,,,,,,,,,,,,,,,,,,,,,,,,,,,,
Cyprus,CYP,"Unemployment, total (% of total labor force) (modeled ILO estimate)",SL.UEM.TOTL.ZS,,,,,,,,,,,,,,,,,,,,,,,,,,,,,,,,3,2.09,2.7,2.7,2.6,3.1,3.4,3.3,5.7,4.97,3.98,3.3,4.14,4.33,5.3,4.54,3.92,3.65,5.36,6.26,7.86,11.8,15.87,16.09,14.91,12.95,11.05,8.37,7.07,7.59,7.46,6.976
Czechia,CZE,"Unemployment, total (% of total labor force) (modeled ILO estimate)",SL.UEM.TOTL.ZS,,,,,,,,,,,,,,,,,,,,,,,,,,,,,,,,2.27,2.6,4.32,4.3,4.02,3.89,4.26,5.89,8.48,8.76,7.99,7.02,7.54,8.21,7.93,7.15,5.32,4.39,6.66,7.28,6.71,6.98,6.95,6.11,5.05,3.95,2.89,2.24,2.01,2.55,2.81,2.37
Germany,DEU,"Unemployment, total (% of total labor force) (modeled ILO estimate)",SL.UEM.TOTL.ZS,,,,,,,,,,,,,,,,,,,,,,,,,,,,,,,,5.32,6.32,7.68,8.73,8.16,8.82,9.86,9.79,8.85,7.92,7.77,8.48,9.78,10.73,11.17,10.25,8.66,7.52,7.74,6.97,5.82,5.38,5.23,4.98,4.62,4.12,3.75,3.38,3.14,3.86,3.57,2.989
Djibouti,DJI,"Unemployment, total (% of total labor force) (modeled ILO estimate)",SL.UEM.TOTL.ZS,,,,,,,,,,,,,,,,,,,,,,,,,,,,,,,,29.887,29.681,29.745,29.494,29.426,29.309,29.119,28.955,28.757,28.678,28.52,28.351,28.219,28.094,27.948,27.768,27.619,27.455,27.402,27.194,26.971,26.873,26.714,26.51,26.337,26.197,26.06,26.149,26.315,28.048,27.954,27.929
Dominica,DMA,"Unemployment, total (% of total labor force) (modeled ILO estimate)",SL.UEM.TOTL.ZS,,,,,,,,,,,,,,,,,,,,,,,,,,,,,,,,,,,,,,,,,,,,,,,,,,,,,,,,,,,,,,,
Denmark,DNK,"Unemployment, total (% of total labor force) (modeled ILO estimate)",SL.UEM.TOTL.ZS,,,,,,,,,,,,,,,,,,,,,,,,,,,,,,,,9.1,9.03,10.72,8.04,6.99,6.84,5.4,5.04,5.14,4.48,4.16,4.27,5.4,5.2,4.83,3.9,3.8,3.68,6.41,7.75,7.77,7.8,7.38,6.93,6.28,5.99,5.83,5.13,5.02,5.64,5.06,4.172
Dominican Republic,DOM,"Unemployment, total (% of total labor force) (modeled ILO estimate)",SL.UEM.TOTL.ZS,,,,,,,,,,,,,,,,,,,,,,,,,,,,,,,,6.431,6.294,6.343,6.413,6.379,6.383,6.352,6.388,6.405,6.43,7.26,6.78,6.94,6.3,6.59,5.65,5.16,4.76,5.47,5.21,6.09,6.72,7.35,6.72,7.61,7.28,5.83,5.86,6.18,6.13,7.7,7.121
Algeria,DZA,"Unemployment, total (% of total labor force) (modeled ILO estimate)",SL.UEM.TOTL.ZS,,,,,,,,,,,,,,,,,,,,,,,,,,,,,,,,20.6,24.38,26.23,27.74,31.84,28.515,25.43,26.64,28.304,29.77,27.3,25.9,23.72,17.65,15.27,12.27,13.79,11.33,10.16,9.96,9.96,10.97,9.82,10.21,11.21,10.2,10.334,10.416,10.495,12.248,11.747,11.55
East Asia & Pacific (excluding high income),EAP,"Unemployment, total (% of total labor force) (modeled ILO estimate)",SL.UEM.TOTL.ZS,,,,,,,,,,,,,,,,,,,,,,,,,,,,,,,,2.401315492,2.359841438,2.613496994,2.914822243,2.994670223,3.103800606,3.199838993,3.369274832,3.454363544,3.409896581,3.839633218,4.156172975,4.405710415,4.397685399,4.475528579,4.370858265,4.349052377,4.435093615,4.419516703,4.156933332,4.108492453,4.048120197,4.048746847,4.044788788,4.120140607,4.036854986,3.916340632,3.810235058,3.895632475,4.365928898,4.081647254,4.224411805
Early-demographic dividend,EAR,"Unemployment, total (% of total labor force) (modeled ILO estimate)",SL.UEM.TOTL.ZS,,,,,,,,,,,,,,,,,,,,,,,,,,,,,,,,5.821296571,5.919228087,6.072215902,6.3696006,6.751482725,6.71097743,6.622243967,6.808109166,7.08228424,7.111640628,7.270152871,7.529506412,7.55394047,7.526271898,7.538754692,7.255200831,7.162601952,7.003970051,7.127096495,6.951038636,6.788864011,6.712314578,6.743129982,6.681927847,6.825959833,6.812702131,6.6631231,6.640975439,6.199371888,8.136884247,7.143660685,6.745040089
East Asia & Pacific,EAS,"Unemployment, total (% of total labor force) (modeled ILO estimate)",SL.UEM.TOTL.ZS,,,,,,,,,,,,,,,,,,,,,,,,,,,,,,,,2.450963139,2.434479725,2.685865473,2.960555146,3.03533413,3.15195489,3.245328685,3.533587817,3.635659687,3.539362791,3.949169924,4.251821771,4.468326611,4.416820188,4.46156236,4.339314899,4.290280848,4.37309693,4.468818884,4.218097809,4.124835186,4.056068611,4.040423846,4.020122975,4.085861405,3.99788689,3.869336668,3.751713803,3.816317527,4.292507498,4.014497688,4.091896449
Europe & Central Asia (excluding high income),ECA,"Unemployment, total (% of total labor force) (modeled ILO estimate)",SL.UEM.TOTL.ZS,,,,,,,,,,,,,,,,,,,,,,,,,,,,,,,,5.028298764,5.415247482,6.145370042,7.742932093,9.060703572,9.979927436,11.03063702,12.13362404,12.29397153,10.90312402,10.20908106,9.696103622,9.54398133,9.234825407,8.617142563,8.108900812,7.322548026,7.314093293,9.043539636,8.416263962,7.753574571,7.149645972,7.175459721,7.403618006,7.532516923,7.555312477,7.342057356,7.028235513,7.212846495,7.673194022,7.248072262,
Europe & Central Asia,ECS,"Unemployment, total (% of total labor force) (modeled ILO estimate)",SL.UEM.TOTL.ZS,,,,,,,,,,,,,,,,,,,,,,,,,,,,,,,,6.933583628,7.50314728,8.661468892,9.660582349,9.937434766,10.28684872,10.51864746,10.69429098,10.60817383,9.791299674,9.084218264,9.091584121,9.112590439,9.101938487,8.721370322,8.077952924,7.162123076,7.069239004,8.896363795,8.976221432,8.719050657,8.929884631,9.166614407,8.923209575,8.525489137,8.058713962,7.453437542,6.869321285,6.64345037,7.077427195,6.908252128,6.245749669
Ecuador,ECU,"Unemployment, total (% of total labor force) (modeled ILO estimate)",SL.UEM.TOTL.ZS,,,,,,,,,,,,,,,,,,,,,,,,,,,,,,,,4.439,4.589,4.615,4.49,4.632,4.683,4.538,4.622,5.189,4.8,4.25,4.899,5.66,5,3.78,3.55,3.14,3.92,4.61,4.09,3.46,3.23,3.08,3.48,3.62,4.6,3.84,3.53,3.81,6.11,4.5,3.955
"Egypt, Arab Rep.",EGY,"Unemployment, total (% of total labor force) (modeled ILO estimate)",SL.UEM.TOTL.ZS,,,,,,,,,,,,,,,,,,,,,,,,,,,,,,,,9.38,8.92,10.92,10.93,11.04,9,8.37,8.03,7.95,8.98,9.26,10.01,10.91,10.32,11.049,10.49,8.8,8.517,9.087,8.756,11.849,12.597,13.154,13.105,13.052,12.45,11.767,9.855,7.851,7.939,7.4,6.959
Euro area,EMU,"Unemployment, total (% of total labor force) (modeled ILO estimate)",SL.UEM.TOTL.ZS,,,,,,,,,,,,,,,,,,,,,,,,,,,,,,,,8.273798084,8.882322791,10.67209157,11.75974414,11.43647703,11.66312058,11.65979171,11.19108562,10.43778147,9.427740802,8.348106142,8.611402734,8.951122066,9.236463731,9.016801455,8.310566462,7.434041618,7.479709863,9.533409316,10.06196033,10.09922276,11.27429732,11.90934761,11.58426395,10.82533184,9.996105036,9.033082143,8.156872801,7.522523889,7.844200475,7.704372928,6.729256964
Eritrea,ERI,"Unemployment, total (% of total labor force) (modeled ILO estimate)",SL.UEM.TOTL.ZS,,,,,,,,,,,,,,,,,,,,,,,,,,,,,,,,5.313,5.428,5.465,5.49,5.378,5.358,5.492,5.552,5.606,5.616,5.666,5.693,5.677,5.591,5.623,5.639,5.652,5.596,5.645,5.892,5.782,5.693,5.63,5.678,5.797,5.807,5.807,5.697,5.704,7.28,6.802,6.618
Spain,ESP,"Unemployment, total (% of total labor force) (modeled ILO estimate)",SL.UEM.TOTL.ZS,,,,,,,,,,,,,,,,,,,,,,,,,,,,,,,,15.93,17.7,22.16,24.21,22.68,22.14,20.7,18.67,15.48,13.79,10.35,11.15,11.28,11.09,9.15,8.45,8.23,11.25,17.86,19.86,21.39,24.79,26.09,24.44,22.06,19.64,17.22,15.25,14.1,15.53,14.78,13.009
Estonia,EST,"Unemployment, total (% of total labor force) (modeled ILO estimate)",SL.UEM.TOTL.ZS,,,,,,,,,,,,,,,,,,,,,,,,,,,,,,,,1.47,3.68,6.54,7.56,9.66,9.92,10.37,9.51,11.57,13.36,13.13,10.03,11.29,10.25,8.03,5.91,4.59,5.45,13.55,16.71,12.33,10.02,8.63,7.35,6.41,6.88,5.81,5.41,4.51,6.96,6.18,5.851
Ethiopia,ETH,"Unemployment, total (% of total labor force) (modeled ILO estimate)",SL.UEM.TOTL.ZS,,,,,,,,,,,,,,,,,,,,,,,,,,,,,,,,3.132,3.155,3.023,3.1,3.205,3.285,3.475,3.652,3.71,3.508,3.298,3.149,2.975,2.683,2.5,2.472,2.436,2.408,2.387,2.336,2.311,2.292,2.25,2.412,2.573,2.735,2.896,3.058,3.219,4.126,3.93,4.018
European Union,EUU,"Unemployment, total (% of total labor force) (modeled ILO estimate)",SL.UEM.TOTL.ZS,,,,,,,,,,,,,,,,,,,,,,,,,,,,,,,,8.518164896,9.219989669,10.81521171,11.50168913,11.0599384,11.09398358,10.87056808,10.44214002,10.18041688,9.830654814,9.196404147,9.538562597,9.639374623,9.874627612,9.566711957,8.622361679,7.447038993,7.201691349,9.121364529,9.794718506,9.831281642,10.7978827,11.31736953,10.83641055,10.01804378,9.104986759,8.123023859,7.253803188,6.679809779,7.054818762,7.001453278,6.064219597
Fragile and conflict affected situations,FCS,"Unemployment, total (% of total labor force) (modeled ILO estimate)",SL.UEM.TOTL.ZS,,,,,,,,,,,,,,,,,,,,,,,,,,,,,,,,4.441242888,4.377973418,4.366146092,4.483450364,5.018674652,5.343256997,5.505534553,5.774215914,5.986270586,5.957662866,5.883085493,5.895903598,5.775578893,5.604477079,5.262689831,5.131672421,5.033934946,5.057716281,5.136106387,5.218516921,5.257174019,5.279456796,5.293590716,5.492754575,5.588907317,5.707715718,5.901883742,5.918164892,5.981660961,6.85912399,7.035048026,6.696334125
Finland,FIN,"Unemployment, total (% of total labor force) (modeled ILO estimate)",SL.UEM.TOTL.ZS,,,,,,,,,,,,,,,,,,,,,,,,,,,,,,,,6.5,11.6,16.2,16.43,17,15.57,14.97,13.21,11.69,11.13,10.29,10.42,10.47,10.36,8.38,7.72,6.85,6.37,8.25,8.39,7.78,7.69,8.19,8.66,9.38,8.82,8.64,7.36,6.69,7.76,7.61,6.801
Fiji,FJI,"Unemployment, total (% of total labor force) (modeled ILO estimate)",SL.UEM.TOTL.ZS,,,,,,,,,,,,,,,,,,,,,,,,,,,,,,,,4.911,4.655,4.778,4.696,4.778,4.716,4.929,4.82,4.599,4.912,4.798,4.762,4.829,4.7,3.89,3.956,4.117,4.166,4.325,4.308,4.41,4.425,4.318,4.277,4.286,4.32,4.261,4.315,4.442,4.794,4.929,4.334
France,FRA,"Unemployment, total (% of total labor force) (modeled ILO estimate)",SL.UEM.TOTL.ZS,,,,,,,,,,,,,,,,,,,,,,,,,,,,,,,,9.13,10.2,11.32,12.59,11.83,12.37,12.57,12.07,11.98,10.22,8.61,8.7,8.31,8.91,8.49,8.45,7.66,7.06,8.74,8.87,8.81,9.4,9.92,10.29,10.35,10.05,9.41,9.02,8.41,8.01,7.86,7.445
Faroe Islands,FRO,"Unemployment, total (% of total labor force) (modeled ILO estimate)",SL.UEM.TOTL.ZS,,,,,,,,,,,,,,,,,,,,,,,,,,,,,,,,,,,,,,,,,,,,,,,,,,,,,,,,,,,,,,,
"Micronesia, Fed. Sts.",FSM,"Unemployment, total (% of total labor force) (modeled ILO estimate)",SL.UEM.TOTL.ZS,,,,,,,,,,,,,,,,,,,,,,,,,,,,,,,,,,,,,,,,,,,,,,,,,,,,,,,,,,,,,,,
Gabon,GAB,"Unemployment, total (% of total labor force) (modeled ILO estimate)",SL.UEM.TOTL.ZS,,,,,,,,,,,,,,,,,,,,,,,,,,,,,,,,17.799,17.96,17.78,17.716,17.62,17.576,17.461,17.433,17.61,17.391,17.234,17.204,17.076,17.028,16.91,17.737,18.272,19.19,19.834,20.39,20.418,20.489,20.507,20.565,20.601,20.668,20.732,20.747,20.695,21.726,21.836,21.469
United Kingdom,GBR,"Unemployment, total (% of total labor force) (modeled ILO estimate)",SL.UEM.TOTL.ZS,,,,,,,,,,,,,,,,,,,,,,,,,,,,,,,,8.55,9.77,10.35,9.65,8.69,8.19,7.07,6.2,6.04,5.56,4.7,5.04,4.81,4.59,4.75,5.35,5.26,5.62,7.54,7.79,8.04,7.88,7.52,6.11,5.3,4.81,4.33,4,3.74,4.472,4.826,3.571
Georgia,GEO,"Unemployment, total (% of total labor force) (modeled ILO estimate)",SL.UEM.TOTL.ZS,,,,,,,,,,,,,,,,,,,,,,,,,,,,,,,,2.7,5.4,5.4,8.4,7.6,11.5,11.5,14.53,13.8,10.82,11.16,12.59,11.51,12.62,13.81,13.57,13.28,17.87,20.71,20.2,19.63,19.65,19.42,17.44,16.51,16.6,13.94,12.67,11.57,11.73,12.208,11.311
Ghana,GHA,"Unemployment, total (% of total labor force) (modeled ILO estimate)",SL.UEM.TOTL.ZS,,,,,,,,,,,,,,,,,,,,,,,,,,,,,,,,3.49,4.7,5.266,5.881,6.451,7.026,7.625,8.2,10.1,10.46,9.492,8.519,7.541,6.574,5.609,4.64,4.865,4.975,5.243,5.38,4.223,3.225,2.17,4.495,6.81,5.106,3.37,3.429,3.463,3.774,3.919,3.867
Gibraltar,GIB,"Unemployment, total (% of total labor force) (modeled ILO estimate)",SL.UEM.TOTL.ZS,,,,,,,,,,,,,,,,,,,,,,,,,,,,,,,,,,,,,,,,,,,,,,,,,,,,,,,,,,,,,,,
Guinea,GIN,"Unemployment, total (% of total labor force) (modeled ILO estimate)",SL.UEM.TOTL.ZS,,,,,,,,,,,,,,,,,,,,,,,,,,,,,,,,4.548,4.54,4.512,4.536,4.528,4.535,4.526,4.56,4.561,4.59,4.573,4.55,4.652,4.66,4.677,4.74,4.66,4.739,4.871,4.782,4.795,4.816,4.883,4.916,4.942,4.833,4.871,4.977,5.02,5.945,5.82,5.749
"Gambia, The",GMB,"Unemployment, total (% of total labor force) (modeled ILO estimate)",SL.UEM.TOTL.ZS,,,,,,,,,,,,,,,,,,,,,,,,,,,,,,,,7.931,7.989,8.058,8.169,8.219,8.26,8.277,8.369,8.385,8.47,8.535,8.777,8.661,8.731,8.986,9.029,9.038,9.056,9.131,9.231,9.607,9.42,8.592,7.786,6.814,5.959,5.038,4.13,4.18,5.096,4.981,4.78
Guinea-Bissau,GNB,"Unemployment, total (% of total labor force) (modeled ILO estimate)",SL.UEM.TOTL.ZS,,,,,,,,,,,,,,,,,,,,,,,,,,,,,,,,2.956,2.99,2.991,2.991,2.99,2.957,2.991,3.2,3.035,3.017,3.042,3.068,3.067,3.062,3.062,3.082,3.085,3.095,3.103,3.104,3.093,3.16,3.14,3.163,3.142,3.151,3.162,3.2,3.175,3.605,3.687,3.583
Equatorial Guinea,GNQ,"Unemployment, total (% of total labor force) (modeled ILO estimate)",SL.UEM.TOTL.ZS,,,,,,,,,,,,,,,,,,,,,,,,,,,,,,,,7.419,7.572,7.678,7.754,7.804,7.902,7.983,7.991,8.008,7.999,8.105,8.179,8.208,8.129,8.105,8.037,7.986,7.942,8.057,8.398,8.299,8.191,8.084,8.097,8.205,8.227,8.263,8.2,8.277,9.295,9.147,8.689
Greece,GRC,"Unemployment, total (% of total labor force) (modeled ILO estimate)",SL.UEM.TOTL.ZS,,,,,,,,,,,,,,,,,,,,,,,,,,,,,,,,7.65,7.84,8.61,8.86,9.06,9.65,9.57,10.84,11.85,11.24,10.46,9.98,9.41,10.31,9.99,9.01,8.4,7.76,9.62,12.71,17.86,24.44,27.47,26.49,24.9,23.54,21.49,19.29,17.31,16.31,14.71,12.162
Grenada,GRD,"Unemployment, total (% of total labor force) (modeled ILO estimate)",SL.UEM.TOTL.ZS,,,,,,,,,,,,,,,,,,,,,,,,,,,,,,,,,,,,,,,,,,,,,,,,,,,,,,,,,,,,,,,
Greenland,GRL,"Unemployment, total (% of total labor force) (modeled ILO estimate)",SL.UEM.TOTL.ZS,,,,,,,,,,,,,,,,,,,,,,,,,,,,,,,,,,,,,,,,,,,,,,,,,,,,,,,,,,,,,,,
Guatemala,GTM,"Unemployment, total (% of total labor force) (modeled ILO estimate)",SL.UEM.TOTL.ZS,,,,,,,,,,,,,,,,,,,,,,,,,,,,,,,,2.656,2.638,2.669,2.676,2.664,2.723,2.699,2.694,2.733,2.75,2.793,2.767,2.81,2.97,3.053,3.082,3.14,3.314,3.489,3.5,3.095,2.76,3.02,2.72,2.51,2.58,2.46,2.28,2.19,3.359,2.942,2.569
Guam,GUM,"Unemployment, total (% of total labor force) (modeled ILO estimate)",SL.UEM.TOTL.ZS,,,,,,,,,,,,,,,,,,,,,,,,,,,,,,,,3.51,3.84,5.53,7.6,7.9,8.28,9.67,7.74,13.95,15.32,13.21,11.39,9.754,7.7,7,7.4,8.3,8.712,9.3,8.2,13.3,12.2,11.5,7.6,6.9,5.4,5.43,5.547,5.477,6.577,6.25,6.134
Guyana,GUY,"Unemployment, total (% of total labor force) (modeled ILO estimate)",SL.UEM.TOTL.ZS,,,,,,,,,,,,,,,,,,,,,,,,,,,,,,,,11.954,11.9,11.873,11.847,11.884,11.818,11.827,11.935,11.84,11.89,11.812,11.81,11.576,11.279,11.027,10.7,10.943,11.301,11.538,11.812,12.058,12.333,12.64,12.954,13.252,13.475,13.757,14.02,13.52,15.589,14.905,12.358
High income,HIC,"Unemployment, total (% of total labor force) (modeled ILO estimate)",SL.UEM.TOTL.ZS,,,,,,,,,,,,,,,,,,,,,,,,,,,,,,,,6.763638184,7.314305011,7.842227847,7.845917955,7.449513801,7.423501903,7.133867473,7.048398414,6.919231138,6.533933641,6.502531429,7.021548487,7.133689416,6.978797803,6.683345412,6.152685189,5.618939869,5.86520836,7.944606628,8.194904975,7.868317459,7.901358091,7.815856754,7.21252872,6.626327209,6.148678472,5.589230736,5.077442549,4.768842121,6.506147363,5.606627577,4.503036302
"Hong Kong SAR, China",HKG,"Unemployment, total (% of total labor force) (modeled ILO estimate)",SL.UEM.TOTL.ZS,,,,,,,,,,,,,,,,,,,,,,,,,,,,,,,,1.8,1.96,1.96,1.9,3.22,2.83,2.22,4.58,6.25,4.92,5.09,7.28,7.86,6.74,5.58,4.77,4.01,3.56,5.26,4.33,3.42,3.29,3.4,3.3,3.31,3.39,3.12,2.81,2.92,5.81,5.17,5.058
Honduras,HND,"Unemployment, total (% of total labor force) (modeled ILO estimate)",SL.UEM.TOTL.ZS,,,,,,,,,,,,,,,,,,,,,,,,,,,,,,,,4.58,3.06,3.116,3.237,3.24,4.37,3.32,4.02,3.85,3.855,4,4.02,5.3,5.99,4.91,3.57,3.21,3.16,3.29,4.12,4.47,3.75,5.65,7.08,6.15,6.73,5.53,5.62,5.55,10.68,7.947,7.099
Heavily indebted poor countries (HIPC),HPC,"Unemployment, total (% of total labor force) (modeled ILO estimate)",SL.UEM.TOTL.ZS,,,,,,,,,,,,,,,,,,,,,,,,,,,,,,,,4.961855147,5.030568014,5.01200433,4.987047231,4.906895575,4.944888132,4.965077367,5.001236484,5.114994793,5.148172594,5.075114571,5.040244496,5.012935187,4.880484205,4.752429786,4.703838147,4.660618224,4.642867769,4.709042773,4.915492884,4.868754267,4.705053631,4.448116944,4.48612177,4.672703149,4.639702189,4.673842069,4.61918565,4.63446813,5.453946848,5.119614745,5.024418563
Croatia,HRV,"Unemployment, total (% of total labor force) (modeled ILO estimate)",SL.UEM.TOTL.ZS,,,,,,,,,,,,,,,,,,,,,,,,,,,,,,,,11.14,11.015,10.684,10.641,10.18,9.68,9.71,11.39,13.56,16.06,15.82,15.05,13.92,13.66,12.6,11.13,9.91,8.53,9.2,11.62,13.68,15.93,17.25,17.29,16.18,13.1,11.21,8.43,6.62,7.51,7.61,6.746
Haiti,HTI,"Unemployment, total (% of total labor force) (modeled ILO estimate)",SL.UEM.TOTL.ZS,,,,,,,,,,,,,,,,,,,,,,,,,,,,,,,,7.562,7.619,7.577,7.615,7.301,7.325,7.296,7.255,7.2,8.408,9.635,10.826,11.999,13.308,14.42,15.664,16.8,16.298,15.658,15.383,14.56,14.1,13.958,13.96,13.888,13.852,13.786,13.755,13.781,15.085,15.017,14.836
Hungary,HUN,"Unemployment, total (% of total labor force) (modeled ILO estimate)",SL.UEM.TOTL.ZS,,,,,,,,,,,,,,,,,,,,,,,,,,,,,,,,8.5,9.94,12.1,10.85,10.17,10.02,8.99,8.93,6.93,6.56,5.67,5.61,5.79,5.83,7.19,7.49,7.41,7.82,10.03,11.17,11.03,11,10.18,7.73,6.81,5.11,4.16,3.71,3.42,4.25,4.05,3.423
IBRD only,IBD,"Unemployment, total (% of total labor force) (modeled ILO estimate)",SL.UEM.TOTL.ZS,,,,,,,,,,,,,,,,,,,,,,,,,,,,,,,,4.674220938,4.723004846,4.962052778,5.353581617,5.721079921,5.863561178,5.981740969,6.245959819,6.530898282,6.450591961,6.646639932,6.891423713,7.031228467,6.913890372,6.893435518,6.631517349,6.421999183,6.34524661,6.665253073,6.449788639,6.304051634,6.198656312,6.188157093,6.172960553,6.294856051,6.398734969,6.320694936,6.181856986,5.981254955,7.397135319,6.537476061,6.210962319
IDA & IBRD total,IBT,"Unemployment, total (% of total labor force) (modeled ILO estimate)",SL.UEM.TOTL.ZS,,,,,,,,,,,,,,,,,,,,,,,,,,,,,,,,4.567270508,4.614657603,4.822776998,5.155172597,5.453677577,5.584835532,5.686000934,5.91611243,6.157948297,6.089285841,6.24476119,6.437470494,6.545134731,6.426067191,6.38456755,6.140916055,5.966335686,5.912373543,6.176697208,5.983245749,5.868990262,5.797518718,5.791366471,5.755747801,5.911277028,5.995509557,5.951136131,5.843179501,5.717657858,6.998229807,6.343454136,6.058720428
IDA total,IDA,"Unemployment, total (% of total labor force) (modeled ILO estimate)",SL.UEM.TOTL.ZS,,,,,,,,,,,,,,,,,,,,,,,,,,,,,,,,4.039623535,4.08482242,4.149668886,4.206412115,4.183763437,4.276813796,4.309822284,4.394246573,4.447048788,4.446534573,4.443433999,4.432288517,4.426632809,4.326111694,4.219409038,4.074163384,4.064229952,4.12685455,4.187261499,4.113531684,4.148521729,4.226164713,4.259119245,4.171064682,4.485006477,4.526243518,4.638723904,4.667223977,4.813361551,5.684068499,5.675257428,5.563790448
IDA blend,IDB,"Unemployment, total (% of total labor force) (modeled ILO estimate)",SL.UEM.TOTL.ZS,,,,,,,,,,,,,,,,,,,,,,,,,,,,,,,,2.991742707,3.071990307,3.256562976,3.444493903,3.518648393,3.732519401,3.738277811,3.889777756,3.845662811,3.705880681,3.576680752,3.402599153,3.283649228,3.137171732,3.014472695,2.896587461,2.713865563,2.738527603,2.788807503,2.856302132,2.903433333,3.256620877,3.636353541,3.29015439,4.052503648,4.23514961,4.51758273,4.760595183,5.21497405,6.203104346,6.170713537,6.102076003
Indonesia,IDN,"Unemployment, total (% of total labor force) (modeled ILO estimate)",SL.UEM.TOTL.ZS,,,,,,,,,,,,,,,,,,,,,,,,,,,,,,,,2.62,2.73,2.78,4.37,4.597,4.86,4.68,5.46,6.36,6.08,6.08,6.6,6.66,7.3,7.94,7.55,8.06,7.21,6.11,5.61,5.15,4.47,4.34,4.05,4.51,4.3,3.78,4.39,3.59,4.25,3.83,3.554
IDA only,IDX,"Unemployment, total (% of total labor force) (modeled ILO estimate)",SL.UEM.TOTL.ZS,,,,,,,,,,,,,,,,,,,,,,,,,,,,,,,,4.49212154,4.522957486,4.534061108,4.534349182,4.469046417,4.512586132,4.560108045,4.61527253,4.711893312,4.775562642,4.83097302,4.893459165,4.939061101,4.85992695,4.75921218,4.601633969,4.671734755,4.753608333,4.822949576,4.688904217,4.719436747,4.666439525,4.538057457,4.565347212,4.680153477,4.657173494,4.692786006,4.625658665,4.633770893,5.451807274,5.434772,5.303228833
Isle of Man,IMN,"Unemployment, total (% of total labor force) (modeled ILO estimate)",SL.UEM.TOTL.ZS,,,,,,,,,,,,,,,,,,,,,,,,,,,,,,,,,,,,,,,,,,,,,,,,,,,,,,,,,,,,,,,
India,IND,"Unemployment, total (% of total labor force) (modeled ILO estimate)",SL.UEM.TOTL.ZS,,,,,,,,,,,,,,,,,,,,,,,,,,,,,,,,6.737,6.815,6.798,6.83,7.014,7.181,7.279,7.487,7.709,7.77,7.957,8.102,8.36,8.531,8.7,8.625,8.536,8.354,8.384,8.319,8.168,8.095,8.037,7.981,7.915,7.842,7.733,7.65,6.51,10.195,7.713,7.33
Not classified,INX,"Unemployment, total (% of total labor force) (modeled ILO estimate)",SL.UEM.TOTL.ZS,,,,,,,,,,,,,,,,,,,,,,,,,,,,,,,,,,,,,,,,,,,,,,,,,,,,,,,,,,,,,,,
Ireland,IRL,"Unemployment, total (% of total labor force) (modeled ILO estimate)",SL.UEM.TOTL.ZS,,,,,,,,,,,,,,,,,,,,,,,,,,,,,,,,15.77,15.02,15.57,14.54,11.97,11.69,10.19,7.7,5.8,4.32,3.68,4.22,4.48,4.49,4.34,4.41,4.98,6.77,12.61,14.53,15.35,15.45,13.73,11.86,9.91,8.37,6.71,5.74,4.95,5.62,6.19,4.362
"Iran, Islamic Rep.",IRN,"Unemployment, total (% of total labor force) (modeled ILO estimate)",SL.UEM.TOTL.ZS,,,,,,,,,,,,,,,,,,,,,,,,,,,,,,,,11.1,10.843,10.451,10.064,9.574,9.1,9.795,10.396,11.042,11.582,12.298,12.8,11.503,10.3,11.81,11.52,10.77,10.63,12.11,13.68,12.49,12.27,10.6,10.68,11.17,12.62,12.23,12.19,10.74,9.69,10.818,10.964
Iraq,IRQ,"Unemployment, total (% of total labor force) (modeled ILO estimate)",SL.UEM.TOTL.ZS,,,,,,,,,,,,,,,,,,,,,,,,,,,,,,,,9.223,8.973,8.944,9.038,9.021,8.917,8.805,8.788,8.776,8.752,8.842,8.891,8.849,8.605,8.718,8.654,8.65,8.48,8.395,8.252,8.125,7.96,9.263,10.59,10.729,10.82,13.02,14.065,15.11,16.23,16.17,15.547
Iceland,ISL,"Unemployment, total (% of total labor force) (modeled ILO estimate)",SL.UEM.TOTL.ZS,,,,,,,,,,,,,,,,,,,,,,,,,,,,,,,,2.55,4.31,5.26,5.33,5.2,3.6,3.72,3.07,2.18,1.94,1.87,2.99,4,4.03,2.55,2.83,2.25,2.95,7.22,7.56,7.03,6,5.38,4.9,3.98,2.98,2.74,2.7,3.51,5.48,6.02,3.809
Israel,ISR,"Unemployment, total (% of total labor force) (modeled ILO estimate)",SL.UEM.TOTL.ZS,,,,,,,,,,,,,,,,,,,,,,,,,,,,,,,,13.39,14.08,12.74,9.93,8.78,8.46,9.75,10.75,11.18,11.1,11.81,12.89,13.51,13.03,11.34,10.71,9.38,7.7,9.53,8.48,7.14,6.86,6.21,5.89,5.25,4.8,4.22,4,3.8,4.33,4.319,3.476
Italy,ITA,"Unemployment, total (% of total labor force) (modeled ILO estimate)",SL.UEM.TOTL.ZS,,,,,,,,,,,,,,,,,,,,,,,,,,,,,,,,10.1,9.32,10.21,11.09,11.66,11.86,11.98,12.12,11.68,10.83,9.6,9.21,8.87,7.87,7.73,6.78,6.08,6.72,7.75,8.36,8.36,10.65,12.15,12.68,11.9,11.69,11.21,10.61,9.95,9.16,9.5,8.094
Jamaica,JAM,"Unemployment, total (% of total labor force) (modeled ILO estimate)",SL.UEM.TOTL.ZS,,,,,,,,,,,,,,,,,,,,,,,,,,,,,,,,7.188,7.204,7.058,7.153,7.106,7.113,7.095,7.08,6.993,6.959,6.915,6.868,6.804,6.8,6.767,6.698,6.679,6.67,7.31,7.63,8.03,8.69,9.7,9.05,8.842,8.63,7.4,5.47,4.99,6.5,6.011,6.049
Jordan,JOR,"Unemployment, total (% of total labor force) (modeled ILO estimate)",SL.UEM.TOTL.ZS,,,,,,,,,,,,,,,,,,,,,,,,,,,,,,,,19.582,19.273,19.7,17.166,14.6,13.7,13.685,13.704,13.708,13.7,14.7,15.3,14.5,14.578,14.8,14,13.1,12.7,12.9,12.5,12.9,12.2,12.6,11.9,13.08,15.28,18.12,18.26,16.8,19.21,18.444,17.874
Japan,JPN,"Unemployment, total (% of total labor force) (modeled ILO estimate)",SL.UEM.TOTL.ZS,,,,,,,,,,,,,,,,,,,,,,,,,,,,,,,,2.1,2.2,2.5,2.9,3.2,3.4,3.4,4.1,4.7,4.75,5.02,5.39,5.25,4.73,4.45,4.19,3.89,4,5.07,5.1,4.55,4.36,4.04,3.59,3.39,3.13,2.82,2.47,2.35,2.8,2.8,2.641
Kazakhstan,KAZ,"Unemployment, total (% of total labor force) (modeled ILO estimate)",SL.UEM.TOTL.ZS,,,,,,,,,,,,,,,,,,,,,,,,,,,,,,,,0.9,1,1.11,7.54,10.98,12.96,13.01,13.13,13.46,12.75,10.43,9.33,8.78,8.4,8.13,7.79,7.26,6.63,6.55,5.77,5.39,5.29,5.2,5.06,4.93,4.96,4.9,4.85,4.8,4.89,5.162,5.008
Kenya,KEN,"Unemployment, total (% of total labor force) (modeled ILO estimate)",SL.UEM.TOTL.ZS,,,,,,,,,,,,,,,,,,,,,,,,,,,,,,,,3.276,3.288,3.256,3.21,3.171,3.156,3.184,3.131,3.125,3.128,3.07,3.09,3.042,2.997,2.968,2.942,2.919,2.976,2.92,2.846,2.859,2.844,2.831,2.796,2.774,2.76,3.52,4.245,5.01,5.616,5.644,5.502
Kyrgyz Republic,KGZ,"Unemployment, total (% of total labor force) (modeled ILO estimate)",SL.UEM.TOTL.ZS,,,,,,,,,,,,,,,,,,,,,,,,,,,,,,,,1,1.1,1.178,1.236,1.427,1.623,1.744,1.764,1.871,1.983,2.075,2.11,2.282,2.375,2.381,2.512,2.677,2.77,2.788,2.834,3.022,3.027,3.296,3.283,3.378,3.483,3.589,3.67,4.25,4.63,4.766,4.567
Cambodia,KHM,"Unemployment, total (% of total labor force) (modeled ILO estimate)",SL.UEM.TOTL.ZS,,,,,,,,,,,,,,,,,,,,,,,,,,,,,,,,0.749,0.768,0.813,1.38,0.785,0.84,0.913,0.952,0.898,0.972,1.04,1.107,1.121,1.134,1.13,1.209,1.26,0.82,0.58,0.77,0.58,0.509,0.44,0.69,0.39,0.72,0.14,0.142,0.146,0.298,0.295,0.361
Kiribati,KIR,"Unemployment, total (% of total labor force) (modeled ILO estimate)",SL.UEM.TOTL.ZS,,,,,,,,,,,,,,,,,,,,,,,,,,,,,,,,,,,,,,,,,,,,,,,,,,,,,,,,,,,,,,,
St. Kitts and Nevis,KNA,"Unemployment, total (% of total labor force) (modeled ILO estimate)",SL.UEM.TOTL.ZS,,,,,,,,,,,,,,,,,,,,,,,,,,,,,,,,,,,,,,,,,,,,,,,,,,,,,,,,,,,,,,,
"Korea, Rep.",KOR,"Unemployment, total (% of total labor force) (modeled ILO estimate)",SL.UEM.TOTL.ZS,,,,,,,,,,,,,,,,,,,,,,,,,,,,,,,,2.41,2.51,2.88,2.48,2.06,2.05,2.61,6.96,6.34,4.06,3.7,3.05,3.35,3.42,3.48,3.25,3.01,2.96,3.36,3.32,2.99,2.81,2.75,3.08,3.55,3.65,3.65,3.82,3.75,3.93,3.64,2.788
Kuwait,KWT,"Unemployment, total (% of total labor force) (modeled ILO estimate)",SL.UEM.TOTL.ZS,,,,,,,,,,,,,,,,,,,,,,,,,,,,,,,,0.891,0.814,0.8,0.7,0.699,0.7,0.7,0.7,0.7,0.8,0.8,1.1,1.3,1.7,1.493,1.3,1.5,1.75,1.64,1.82,2.033,2.318,2.622,2.9,2.2,2.16,2.198,2.158,2.156,3.331,2.818,2.482
Latin America & Caribbean (excluding high income),LAC,"Unemployment, total (% of total labor force) (modeled ILO estimate)",SL.UEM.TOTL.ZS,,,,,,,,,,,,,,,,,,,,,,,,,,,,,,,,5.815638641,5.860223032,5.91822761,6.427393343,7.812634264,8.070167931,7.953916578,8.356852581,9.1293704,9.039178822,8.768916602,9.088338494,8.898489081,8.353933385,8.107449527,7.468215103,7.081166654,6.70893277,7.705615334,6.979320375,6.638577435,6.368934784,6.293933432,6.097066796,6.695885024,7.949952384,8.244180991,8.114695883,8.13731379,10.26266369,9.341456004,7.051251491
Lao PDR,LAO,"Unemployment, total (% of total labor force) (modeled ILO estimate)",SL.UEM.TOTL.ZS,,,,,,,,,,,,,,,,,,,,,,,,,,,,,,,,2.611,2.576,2.59,2.506,2.6,2.485,2.367,2.382,2.102,2.04,1.913,1.778,1.642,1.503,1.35,1.191,1.092,0.965,0.848,0.71,1.069,1.422,1.775,2.146,2.521,2.896,3.27,3.266,3.273,3.576,3.637,2.633
Lebanon,LBN,"Unemployment, total (% of total labor force) (modeled ILO estimate)",SL.UEM.TOTL.ZS,,,,,,,,,,,,,,,,,,,,,,,,,,,,,,,,8.409,8.441,8.461,8.504,8.533,8.476,8.62,8.488,8.444,8.318,8.185,8.091,7.994,7.85,8.293,8.701,8.98,7.672,6.35,6.836,7.383,7.83,8.28,8.765,9.263,9.723,10.211,10.728,11.3,12.971,12.497,12.635
Liberia,LBR,"Unemployment, total (% of total labor force) (modeled ILO estimate)",SL.UEM.TOTL.ZS,,,,,,,,,,,,,,,,,,,,,,,,,,,,,,,,2.356,2.323,2.294,2.29,2.211,2.14,2.122,2.134,2.134,2.123,2.2,2.206,2.262,2.226,2.227,2.228,2.233,2.249,2.263,2.27,2.212,2.162,2.11,2.08,2.577,3.08,3.042,3.025,3.017,3.842,3.672,3.634
Libya,LBY,"Unemployment, total (% of total labor force) (modeled ILO estimate)",SL.UEM.TOTL.ZS,,,,,,,,,,,,,,,,,,,,,,,,,,,,,,,,20.118,20.251,20.215,20.113,20.203,20.01,19.993,19.943,19.886,19.806,19.81,19.753,19.574,19.606,19.489,19.491,19.443,19.428,19.411,19.308,19.446,19.03,19.46,19.611,19.521,19.516,19.291,19.446,19.612,20.343,20.606,20.68
St. Lucia,LCA,"Unemployment, total (% of total labor force) (modeled ILO estimate)",SL.UEM.TOTL.ZS,,,,,,,,,,,,,,,,,,,,,,,,,,,,,,,,16.934,16.756,16.8,17,15.83,16.33,20.47,21.6,18.09,16.49,18.515,20.39,22.18,20.97,18.7,16,14,12.72,15.37,17.111,18.86,19.06,22.21,21.303,20.556,19.659,18.86,19.08,15.32,20.39,19.52,17.362
Latin America & Caribbean,LCN,"Unemployment, total (% of total labor force) (modeled ILO estimate)",SL.UEM.TOTL.ZS,,,,,,,,,,,,,,,,,,,,,,,,,,,,,,,,6.11508295,6.057488908,6.05915904,6.632275674,7.916774731,8.307076453,8.15709354,8.501836126,9.458089104,9.332720479,9.062225127,9.500946769,9.344078579,8.746063669,8.292915354,7.595036912,7.153981087,6.786551754,7.758904045,7.064826866,6.695434688,6.40991321,6.370230112,6.174300667,6.669012916,7.782005303,8.04569833,7.938163723,7.983433531,10.20078451,9.236438953,7.023342015
Least developed countries: UN classification,LDC,"Unemployment, total (% of total labor force) (modeled ILO estimate)",SL.UEM.TOTL.ZS,,,,,,,,,,,,,,,,,,,,,,,,,,,,,,,,4.092761091,4.123612213,4.115439128,4.119343993,4.079228853,4.102671122,4.164999297,4.21720365,4.274178625,4.32431789,4.367794186,4.453686675,4.551065755,4.506015074,4.477018223,4.390023695,4.467262736,4.511322568,4.598308256,4.629980052,4.65598744,4.679468413,4.65154099,4.652114207,4.730258898,4.7947935,4.879533522,4.791442589,4.798019691,5.609593534,5.62516766,5.466356205
Low income,LIC,"Unemployment, total (% of total labor force) (modeled ILO estimate)",SL.UEM.TOTL.ZS,,,,,,,,,,,,,,,,,,,,,,,,,,,,,,,,4.796810912,4.825746935,4.814822707,4.805872099,4.756470934,4.789080012,4.847347475,4.863614873,4.90008509,4.912638646,4.872256553,4.899666232,4.915020138,4.83107282,4.781391255,4.819601784,4.817844303,4.789447104,4.828722337,4.993592501,4.943420673,4.865230249,4.718473829,4.747629117,4.876253909,4.95851887,5.063150385,4.988809764,5.032626767,5.777256853,5.485834514,5.40349365
Liechtenstein,LIE,"Unemployment, total (% of total labor force) (modeled ILO estimate)",SL.UEM.TOTL.ZS,,,,,,,,,,,,,,,,,,,,,,,,,,,,,,,,,,,,,,,,,,,,,,,,,,,,,,,,,,,,,,,
Sri Lanka,LKA,"Unemployment, total (% of total labor force) (modeled ILO estimate)",SL.UEM.TOTL.ZS,,,,,,,,,,,,,,,,,,,,,,,,,,,,,,,,14.66,14.22,13.82,13.03,12.27,11.35,10.6,9.17,8.88,7.74,7.9,8.76,8.22,8.38,7.67,6.5,5.97,5.22,5.85,4.78,4.12,3.88,4.24,4.19,4.52,4.24,4.05,4.32,4.67,5.2,5.239,6.705
Lower middle income,LMC,"Unemployment, total (% of total labor force) (modeled ILO estimate)",SL.UEM.TOTL.ZS,,,,,,,,,,,,,,,,,,,,,,,,,,,,,,,,5.245522787,5.321644802,5.420582348,5.628666068,5.879608862,5.980611915,6.067273466,6.326795947,6.575255676,6.597504242,6.661053555,6.72022763,6.785838346,6.771095646,6.870533904,6.668768737,6.60599781,6.421440794,6.430632416,6.296280109,6.222272347,6.181376686,6.15372654,6.082784016,6.245545381,6.187662796,6.082399801,6.022987772,5.496886328,7.39899325,6.468934395,6.140151009
Low & middle income,LMY,"Unemployment, total (% of total labor force) (modeled ILO estimate)",SL.UEM.TOTL.ZS,,,,,,,,,,,,,,,,,,,,,,,,,,,,,,,,4.419255188,4.471754673,4.68411655,5.009264332,5.322937958,5.458141224,5.5879639,5.829350366,6.025714621,5.92063614,6.068870899,6.234241136,6.351577755,6.240000376,6.234665477,6.030361031,5.897939059,5.868756779,6.11878539,5.916614364,5.806000904,5.735662685,5.723127888,5.69777288,5.871579714,5.973758449,5.941942498,5.842694455,5.718278496,6.984318384,6.333158135,6.063119255
Lesotho,LSO,"Unemployment, total (% of total labor force) (modeled ILO estimate)",SL.UEM.TOTL.ZS,,,,,,,,,,,,,,,,,,,,,,,,,,,,,,,,16.977,16.973,17.059,16.991,17.057,16.992,17.033,17.08,17.098,17,16.999,17.064,16.955,17.021,16.966,16.938,16.928,16.882,17.048,16.867,16.872,16.813,16.916,16.904,16.852,16.825,16.985,16.918,16.88,18.461,18.293,18.039
Late-demographic dividend,LTE,"Unemployment, total (% of total labor force) (modeled ILO estimate)",SL.UEM.TOTL.ZS,,,,,,,,,,,,,,,,,,,,,,,,,,,,,,,,3.638590316,3.622688354,3.880769208,4.275205311,4.451182238,4.643110516,4.903614193,5.167216031,5.408321398,5.234850535,5.433581934,5.644514959,5.878090721,5.685403855,5.622947761,5.35989524,5.082259478,5.115532003,5.541903188,5.197826891,5.097757849,5.013829865,4.997067995,4.929163429,5.100556951,5.283264553,5.274107418,5.053261985,5.184725849,5.925592398,5.5152082,5.288915508
Lithuania,LTU,"Unemployment, total (% of total labor force) (modeled ILO estimate)",SL.UEM.TOTL.ZS,,,,,,,,,,,,,,,,,,,,,,,,,,,,,,,,1.1,1.2,13.8,13.8,17.54,16.4,14.13,13.71,13.39,15.93,16.84,13.01,12.87,10.68,8.32,5.78,4.25,5.83,13.79,17.81,15.39,13.36,11.77,10.7,9.12,7.86,7.07,6.15,6.26,8.49,7.11,5.569
Luxembourg,LUX,"Unemployment, total (% of total labor force) (modeled ILO estimate)",SL.UEM.TOTL.ZS,,,,,,,,,,,,,,,,,,,,,,,,,,,,,,,,1.48,2.03,2.33,3.48,2.92,3.29,2.53,2.76,2.39,2.35,1.81,2.62,3.68,5.11,4.49,4.73,4.07,5.06,5.12,4.36,4.9,5.14,5.85,5.85,6.67,6.29,5.52,5.59,5.59,6.77,5.25,4.698
Latvia,LVA,"Unemployment, total (% of total labor force) (modeled ILO estimate)",SL.UEM.TOTL.ZS,,,,,,,,,,,,,,,,,,,,,,,,,,,,,,,,2.7,6.6,16.7,18.7,19,20.7,14.9,14.45,13.79,14.21,13.82,13.83,12.06,11.71,10.03,7.03,6.05,7.74,17.51,19.48,16.21,15.05,11.87,10.85,9.87,9.64,8.72,7.41,6.31,8.1,7.51,6.429
"Macao SAR, China",MAC,"Unemployment, total (% of total labor force) (modeled ILO estimate)",SL.UEM.TOTL.ZS,,,,,,,,,,,,,,,,,,,,,,,,,,,,,,,,3.01,2.2,2.06,2.48,3.58,4.25,3.26,4.61,6.35,6.87,6.39,6.27,6,4.9,4.16,3.82,3.27,3,3.58,2.84,2.56,1.97,1.82,1.67,1.81,1.94,1.99,1.83,1.75,2.57,2.253,2.627
St. Martin (French part),MAF,"Unemployment, total (% of total labor force) (modeled ILO estimate)",SL.UEM.TOTL.ZS,,,,,,,,,,,,,,,,,,,,,,,,,,,,,,,,,,,,,,,,,,,,,,,,,,,,,,,,,,,,,,,
Morocco,MAR,"Unemployment, total (% of total labor force) (modeled ILO estimate)",SL.UEM.TOTL.ZS,,,,,,,,,,,,,,,,,,,,,,,,,,,,,,,,12.723,13.122,13.21,13.002,13.612,13.194,13.75,13.609,13.94,13.58,12.46,11.59,11.92,10.83,11.01,9.67,9.56,9.57,8.96,9.09,8.91,8.99,9.23,9.7,9.46,9.3,9.225,9.239,9.242,11.114,10.542,10.494
Monaco,MCO,"Unemployment, total (% of total labor force) (modeled ILO estimate)",SL.UEM.TOTL.ZS,,,,,,,,,,,,,,,,,,,,,,,,,,,,,,,,,,,,,,,,,,,,,,,,,,,,,,,,,,,,,,,
Moldova,MDA,"Unemployment, total (% of total labor force) (modeled ILO estimate)",SL.UEM.TOTL.ZS,,,,,,,,,,,,,,,,,,,,,,,,,,,,,,,,1.9,3.7,3.7,5.8,5.3,7.9,7.9,10,11.14,8.46,7.29,6.8,7.95,8.17,7.29,7.38,5.07,3.98,6.4,7.45,6.68,5.58,5.1,3.73,4.7,4.02,3.89,2.91,5.1,3.82,3.23,2.278
Madagascar,MDG,"Unemployment, total (% of total labor force) (modeled ILO estimate)",SL.UEM.TOTL.ZS,,,,,,,,,,,,,,,,,,,,,,,,,,,,,,,,5.128,5.102,5.176,5.294,5.355,5.439,5.509,5.603,5.691,5.8,5.35,5.504,5.01,3.846,2.62,2.935,3.253,3.564,4.004,4.28,2.438,0.6,0.998,1.391,1.79,1.8,1.815,1.833,1.841,2.363,2.31,2.142
Maldives,MDV,"Unemployment, total (% of total labor force) (modeled ILO estimate)",SL.UEM.TOTL.ZS,,,,,,,,,,,,,,,,,,,,,,,,,,,,,,,,0.891,0.865,0.839,0.815,0.79,1.029,1.267,1.503,1.738,1.97,3.034,4.169,5.309,6.372,7.332,8.783,9.702,10.816,11.7,11.008,10.149,9.216,8.393,7.521,6.618,5.77,5.371,4.971,4.56,5.34,5.257,4.883
Middle East & North Africa,MEA,"Unemployment, total (% of total labor force) (modeled ILO estimate)",SL.UEM.TOTL.ZS,,,,,,,,,,,,,,,,,,,,,,,,,,,,,,,,11.15510746,11.38539312,11.90353119,11.82118534,12.12939189,11.19959786,10.99672991,11.14585083,11.40543241,11.92393643,11.98489281,12.12762649,11.81669164,10.71567158,10.85883983,10.17311932,9.629949892,9.279601443,9.417469707,9.577102592,10.09212254,10.20899358,9.96564542,10.06903578,10.23047502,10.29552,10.32997374,9.999063871,9.333695583,10.03072832,9.934014516,9.633077082
Mexico,MEX,"Unemployment, total (% of total labor force) (modeled ILO estimate)",SL.UEM.TOTL.ZS,,,,,,,,,,,,,,,,,,,,,,,,,,,,,,,,3.15,3.24,3.37,4.44,7.1,5.47,4.24,3.73,2.6,2.65,2.63,3,3.46,3.94,3.56,3.57,3.63,3.87,5.36,5.3,5.17,4.89,4.91,4.81,4.31,3.86,3.42,3.27,3.48,4.45,4.09,3.308
Marshall Islands,MHL,"Unemployment, total (% of total labor force) (modeled ILO estimate)",SL.UEM.TOTL.ZS,,,,,,,,,,,,,,,,,,,,,,,,,,,,,,,,,,,,,,,,,,,,,,,,,,,,,,,,,,,,,,,
Middle income,MIC,"Unemployment, total (% of total labor force) (modeled ILO estimate)",SL.UEM.TOTL.ZS,,,,,,,,,,,,,,,,,,,,,,,,,,,,,,,,4.388958836,4.442336664,4.668781607,5.017117652,5.356969272,5.499567489,5.634397233,5.889458145,6.094580802,5.977535224,6.136645145,6.316457227,6.447091714,6.339321215,6.344394743,6.127505506,5.986853816,5.951711758,6.226738149,5.993521905,5.876975974,5.805790959,5.80564391,5.775778783,5.954128645,6.058018702,6.015418979,5.915471861,5.774801777,7.096361118,6.405540638,6.119275394
North Macedonia,MKD,"Unemployment, total (% of total labor force) (modeled ILO estimate)",SL.UEM.TOTL.ZS,,,,,,,,,,,,,,,,,,,,,,,,,,,,,,,,24.5,26.3,27.7,30,35.6,38.8,36,34.5,32.4,32.2,30.52,31.94,36.69,37.16,37.32,36.03,35.23,33.93,32.35,33.13,31.5,31.2,29.14,28.38,26.43,24.3,22.81,21.2,17.39,16.55,15.78,15.081
Mali,MLI,"Unemployment, total (% of total labor force) (modeled ILO estimate)",SL.UEM.TOTL.ZS,,,,,,,,,,,,,,,,,,,,,,,,,,,,,,,,1.212,1.296,1.263,1.263,1.282,1.251,1.266,1.254,1.269,1.306,1.225,1.298,1.269,1.318,1.294,1.311,1.324,1.323,1.329,1.333,1.352,1.385,1.372,1.349,1.361,1.37,1.494,1.62,1.619,3.53,2.603,2.762
Malta,MLT,"Unemployment, total (% of total labor force) (modeled ILO estimate)",SL.UEM.TOTL.ZS,,,,,,,,,,,,,,,,,,,,,,,,,,,,,,,,6.28,6.284,6.288,6.292,6.296,6.3,6.305,6.31,6.315,6.32,7.11,6.9,7.49,7.32,6.92,6.8,6.47,5.98,6.89,6.85,6.38,6.2,6.11,5.73,5.38,4.69,4,3.66,3.62,4.35,3.53,2.813
Myanmar,MMR,"Unemployment, total (% of total labor force) (modeled ILO estimate)",SL.UEM.TOTL.ZS,,,,,,,,,,,,,,,,,,,,,,,,,,,,,,,,0.732,0.704,0.678,0.688,0.686,0.692,0.699,0.703,0.683,0.654,0.656,0.663,0.656,0.653,0.656,0.661,0.669,0.682,0.69,0.696,0.719,0.731,0.722,0.723,0.77,0.994,1.36,0.77,0.41,1.48,,
Middle East & North Africa (excluding high income),MNA,"Unemployment, total (% of total labor force) (modeled ILO estimate)",SL.UEM.TOTL.ZS,,,,,,,,,,,,,,,,,,,,,,,,,,,,,,,,11.82845124,12.09442288,12.78499705,12.83089946,13.27770056,12.24397047,11.99852475,12.17956553,12.49493296,13.12062872,13.17993069,13.27992536,12.8763883,11.56876783,11.79481827,11.04744263,10.56631176,10.35984474,10.5062068,10.77523355,11.49553159,11.730118,11.47547458,11.64757415,11.94203531,12.07614244,12.08558957,11.71082566,10.92946844,11.42194564,11.43063387,11.22502392
Montenegro,MNE,"Unemployment, total (% of total labor force) (modeled ILO estimate)",SL.UEM.TOTL.ZS,,,,,,,,,,,,,,,,,,,,,,,,,,,,,,,,26.075,25.875,25.672,27.184,27.889,28.639,28.119,28.322,28.067,28.803,29.012,29.336,29.66,30.028,30.31,24.966,19.4,17.15,19.09,19.65,19.76,19.81,19.59,18.05,17.55,17.73,16.08,15.19,15.13,17.88,16.87,15.402
Mongolia,MNG,"Unemployment, total (% of total labor force) (modeled ILO estimate)",SL.UEM.TOTL.ZS,,,,,,,,,,,,,,,,,,,,,,,,,,,,,,,,5.933,5.937,5.764,5.617,5.5,5.692,5.74,5.843,5.939,6.086,6.143,6.2,6.8,6.815,7.042,7.127,7.2,5.56,5.86,6.55,4.77,3.9,4.23,4.8,4.86,7.24,6.36,5.38,5.443,6.59,7.75,8.247
Northern Mariana Islands,MNP,"Unemployment, total (% of total labor force) (modeled ILO estimate)",SL.UEM.TOTL.ZS,,,,,,,,,,,,,,,,,,,,,,,,,,,,,,,,,,,,,,,,,,,,,,,,,,,,,,,,,,,,,,,
Mozambique,MOZ,"Unemployment, total (% of total labor force) (modeled ILO estimate)",SL.UEM.TOTL.ZS,,,,,,,,,,,,,,,,,,,,,,,,,,,,,,,,2.765,2.842,2.718,2.744,2.771,2.704,2.7,2.747,2.772,2.886,2.843,2.9,2.955,2.985,3.031,3.045,3.097,3.141,3.19,3.229,3.263,3.304,3.347,3.384,3.43,3.454,3.453,3.455,3.465,3.776,3.939,3.906
Mauritania,MRT,"Unemployment, total (% of total labor force) (modeled ILO estimate)",SL.UEM.TOTL.ZS,,,,,,,,,,,,,,,,,,,,,,,,,,,,,,,,10.176,10.152,10.076,10.171,9.982,10.014,10.122,10.009,9.974,10.049,9.997,9.964,9.887,9.909,9.854,9.723,9.977,9.948,9.935,9.895,9.869,9.86,9.967,10.066,10.152,10.308,10.34,10.391,10.402,11.137,11.287,11.109
Mauritius,MUS,"Unemployment, total (% of total labor force) (modeled ILO estimate)",SL.UEM.TOTL.ZS,,,,,,,,,,,,,,,,,,,,,,,,,,,,,,,,9.681,9.625,9.625,9.617,9.59,9.491,9.411,9.328,9.304,9.142,9.14,8.2,8.23,8.34,9.52,9.04,8.48,7.17,7.26,7.65,7.45,7.47,7.32,7.47,7.41,6.81,6.75,6.43,6.33,8.63,7.656,7.234
Malawi,MWI,"Unemployment, total (% of total labor force) (modeled ILO estimate)",SL.UEM.TOTL.ZS,,,,,,,,,,,,,,,,,,,,,,,,,,,,,,,,4.791,4.945,4.798,4.989,4.752,4.843,4.883,4.891,4.904,4.923,4.99,4.934,4.903,4.912,4.939,4.932,4.894,4.919,4.92,4.941,4.968,5.004,4.98,4.968,4.987,4.982,4.96,4.949,4.932,5.681,5.658,5.614
Malaysia,MYS,"Unemployment, total (% of total labor force) (modeled ILO estimate)",SL.UEM.TOTL.ZS,,,,,,,,,,,,,,,,,,,,,,,,,,,,,,,,3.66,3.71,4.11,3.655,3.15,2.52,2.45,3.2,3.43,3,3.53,3.48,3.61,3.54,3.53,3.32,3.23,3.32,3.66,3.39,3.05,3.1,3.16,2.88,3.1,3.44,3.41,3.3,3.26,4.54,4.046,3.73
North America,NAC,"Unemployment, total (% of total labor force) (modeled ILO estimate)",SL.UEM.TOTL.ZS,,,,,,,,,,,,,,,,,,,,,,,,,,,,,,,,7.164189487,7.876760469,7.354258819,6.550999189,6.034258698,5.865515681,5.4076601,4.886160917,4.556566563,4.275068772,4.982147731,5.974202786,6.155869832,5.70485535,5.256235461,4.798061651,4.770117029,5.818193251,9.152951658,9.460970698,8.793867941,7.985245757,7.337158542,6.250915823,5.457974015,5.102217148,4.576640376,4.111494166,3.889895237,8.205203341,5.586510637,3.788429625
Namibia,NAM,"Unemployment, total (% of total labor force) (modeled ILO estimate)",SL.UEM.TOTL.ZS,,,,,,,,,,,,,,,,,,,,,,,,,,,,,,,,19.14,19.198,19.441,19.4,21.051,22.774,24.45,23.088,21.695,20.3,20.856,21.272,21.796,22.09,22.328,22.182,22.203,22.253,22.293,22.12,19.46,16.77,19.03,18.52,20.895,23.35,21.656,19.88,20.002,21.236,21.268,20.846
New Caledonia,NCL,"Unemployment, total (% of total labor force) (modeled ILO estimate)",SL.UEM.TOTL.ZS,,,,,,,,,,,,,,,,,,,,,,,,,,,,,,,,17.915,18.404,18.458,18.304,18.027,18.64,18.232,18.517,17.847,17.479,17.24,16.942,16.475,16.31,15.846,15.173,14.807,14.611,13.97,13.731,14.036,14.358,14.466,14.59,13.891,13.182,12.275,11.603,10.88,13.56,12.436,12.267
Niger,NER,"Unemployment, total (% of total labor force) (modeled ILO estimate)",SL.UEM.TOTL.ZS,,,,,,,,,,,,,,,,,,,,,,,,,,,,,,,,1.414,1.406,1.428,1.427,1.433,1.462,1.463,1.413,1.501,1.521,1.47,1.9,2.346,2.79,3.1,2.653,2.216,1.702,1.274,0.771,0.32,2.18,1.381,0.52,0.532,0.534,0.542,0.542,0.552,0.68,0.668,0.534
Nigeria,NGA,"Unemployment, total (% of total labor force) (modeled ILO estimate)",SL.UEM.TOTL.ZS,,,,,,,,,,,,,,,,,,,,,,,,,,,,,,,,3.978,3.931,3.982,3.97,3.945,3.898,3.9,3.893,3.901,3.852,3.838,3.751,3.812,3.789,3.807,3.803,3.791,3.782,3.763,3.755,3.77,3.75,3.7,3.944,4.221,4.509,4.729,4.963,5.206,5.999,5.936,5.761
Nicaragua,NIC,"Unemployment, total (% of total labor force) (modeled ILO estimate)",SL.UEM.TOTL.ZS,,,,,,,,,,,,,,,,,,,,,,,,,,,,,,,,7.034,7.069,7.134,7.106,7.102,7.141,7.24,7.296,7.278,7.394,7.474,7.58,7.6,6.41,5.37,5.31,4.89,6.2,8.16,7.83,6.499,5.21,5.28,4.52,4.7,3.9,3.3,5.2,5.202,5.937,5.932,5.565
Netherlands,NLD,"Unemployment, total (% of total labor force) (modeled ILO estimate)",SL.UEM.TOTL.ZS,,,,,,,,,,,,,,,,,,,,,,,,,,,,,,,,7.28,5.56,6.29,7.16,7.16,6.42,5.51,4.39,3.62,2.73,2.12,2.55,3.59,4.65,5.87,5,4.15,3.65,4.35,4.99,4.98,5.82,7.24,7.42,6.87,6.01,4.84,3.83,3.38,3.82,4.21,3.538
Norway,NOR,"Unemployment, total (% of total labor force) (modeled ILO estimate)",SL.UEM.TOTL.ZS,,,,,,,,,,,,,,,,,,,,,,,,,,,,,,,,5.41,5.91,5.97,5.35,6.31,5.04,4.69,3.74,3.25,3.46,3.74,4.02,4.22,4.26,4.38,3.4,2.49,2.55,3.1,3.52,3.21,3.12,3.42,3.48,4.3,4.68,4.16,3.8,3.69,4.42,4.37,3.171
Nepal,NPL,"Unemployment, total (% of total labor force) (modeled ILO estimate)",SL.UEM.TOTL.ZS,,,,,,,,,,,,,,,,,,,,,,,,,,,,,,,,10.572,10.507,10.502,10.638,10.499,10.56,10.556,10.499,10.545,10.604,10.566,10.424,10.537,10.558,10.52,10.515,10.514,10.593,10.542,10.548,10.503,10.531,10.502,10.576,10.512,10.403,10.66,10.623,10.599,13.078,12.223,11.119
Nauru,NRU,"Unemployment, total (% of total labor force) (modeled ILO estimate)",SL.UEM.TOTL.ZS,,,,,,,,,,,,,,,,,,,,,,,,,,,,,,,,,,,,,,,,,,,,,,,,,,,,,,,,,,,,,,,
New Zealand,NZL,"Unemployment, total (% of total labor force) (modeled ILO estimate)",SL.UEM.TOTL.ZS,,,,,,,,,,,,,,,,,,,,,,,,,,,,,,,,10.61,10.67,9.8,8.35,6.46,6.29,6.86,7.72,7.02,6.13,5.43,5.28,4.75,4.01,3.81,3.86,3.66,4.17,6.12,6.56,6.49,6.93,5.84,5.43,5.41,5.15,4.74,4.33,4.11,4.6,3.78,3.253
OECD members,OED,"Unemployment, total (% of total labor force) (modeled ILO estimate)",SL.UEM.TOTL.ZS,,,,,,,,,,,,,,,,,,,,,,,,,,,,,,,,6.764299575,7.270905113,7.749251361,7.831971262,7.601657801,7.54919061,7.250475061,7.214433384,7.174359961,6.771783259,6.623408416,7.169526936,7.286896679,7.178273898,6.82927285,6.247583444,5.771863668,6.101216078,8.248760246,8.41982383,8.027211181,8.006109798,7.918661133,7.397375455,6.842045685,6.429916885,5.900582729,5.464238452,5.38572628,7.102086127,6.188170665,4.923469897
Oman,OMN,"Unemployment, total (% of total labor force) (modeled ILO estimate)",SL.UEM.TOTL.ZS,,,,,,,,,,,,,,,,,,,,,,,,,,,,,,,,3.954,3.943,4.01,4.063,4.052,4.094,4.051,4.117,4.166,4.066,4.11,4.218,4.255,4.197,4.191,4.156,4.189,4.14,4.058,4.007,3.865,3.658,3.602,3.55,3.384,3.27,2.573,1.8,1.85,2.94,2.512,2.327
Other small states,OSS,"Unemployment, total (% of total labor force) (modeled ILO estimate)",SL.UEM.TOTL.ZS,,,,,,,,,,,,,,,,,,,,,,,,,,,,,,,,9.799008611,10.28560798,10.8782401,11.19411144,11.52284612,11.69761821,11.82281114,11.6317777,11.61632583,11.39907118,11.58626822,11.52234275,11.87402574,11.68571051,11.41047251,10.74193888,10.20170281,9.919855966,10.57691362,10.8665873,10.50029555,10.28727023,10.46450742,10.18249338,10.0291042,9.922449667,9.54290638,9.164092322,9.057380692,10.15142864,10.07548416,9.76687812
Pakistan,PAK,"Unemployment, total (% of total labor force) (modeled ILO estimate)",SL.UEM.TOTL.ZS,,,,,,,,,,,,,,,,,,,,,,,,,,,,,,,,0.669,0.683,0.637,0.645,0.647,0.64,0.61,0.613,0.614,0.611,0.6,0.587,0.6,0.604,0.591,0.58,0.4,0.42,0.54,0.65,0.8,1.864,2.95,1.83,3.57,3.756,3.913,4.08,4.83,6.55,6.34,6.416
Panama,PAN,"Unemployment, total (% of total labor force) (modeled ILO estimate)",SL.UEM.TOTL.ZS,,,,,,,,,,,,,,,,,,,,,,,,,,,,,,,,6.064,6.085,6.123,6.11,6.062,6.038,6.016,6.029,6.067,6.051,6.042,5.995,6.007,5.939,5.949,5.864,5.844,5.908,6.011,5.875,4.05,3.717,3.703,4.419,4.368,4.759,5.392,5.218,6.33,14.114,10.301,8.789
Peru,PER,"Unemployment, total (% of total labor force) (modeled ILO estimate)",SL.UEM.TOTL.ZS,,,,,,,,,,,,,,,,,,,,,,,,,,,,,,,,4.652,4.8,4.578,4.324,4.544,4.769,4.64,4.975,4.92,4.898,5.027,4.84,4.15,4.71,4.87,4.17,4.08,4.03,3.96,3.6,3.48,3.24,3.57,3.21,3.27,3.74,3.69,3.49,3.38,7.18,5.1,3.661
Philippines,PHL,"Unemployment, total (% of total labor force) (modeled ILO estimate)",SL.UEM.TOTL.ZS,,,,,,,,,,,,,,,,,,,,,,,,,,,,,,,,3.834,3.802,3.738,3.661,3.651,3.608,3.63,3.828,3.691,3.655,3.7,3.627,3.53,3.55,3.8,4.05,3.43,3.72,3.86,3.61,3.59,3.5,3.5,3.6,3.07,2.7,2.55,2.34,2.24,2.52,2.632,2.238
Palau,PLW,"Unemployment, total (% of total labor force) (modeled ILO estimate)",SL.UEM.TOTL.ZS,,,,,,,,,,,,,,,,,,,,,,,,,,,,,,,,,,,,,,,,,,,,,,,,,,,,,,,,,,,,,,,
Papua New Guinea,PNG,"Unemployment, total (% of total labor force) (modeled ILO estimate)",SL.UEM.TOTL.ZS,,,,,,,,,,,,,,,,,,,,,,,,,,,,,,,,2.559,2.494,2.432,2.662,2.863,2.654,2.904,2.916,2.813,2.92,2.801,2.733,2.618,2.539,2.402,2.352,2.241,2.326,2.125,2,2.62,2.533,2.533,2.34,2.449,2.455,2.478,2.538,2.432,2.694,2.825,2.753
Poland,POL,"Unemployment, total (% of total labor force) (modeled ILO estimate)",SL.UEM.TOTL.ZS,,,,,,,,,,,,,,,,,,,,,,,,,,,,,,,,12.963,13.65,14.39,14.83,13.7,12.68,10.96,9.94,12.29,16.31,18.37,19.89,19.37,19.07,17.75,13.84,9.6,7.12,8.17,9.64,9.63,10.09,10.33,8.99,7.5,6.16,4.89,3.85,3.28,3.16,3.36,2.602
Pre-demographic dividend,PRE,"Unemployment, total (% of total labor force) (modeled ILO estimate)",SL.UEM.TOTL.ZS,,,,,,,,,,,,,,,,,,,,,,,,,,,,,,,,5.003939533,5.012189807,5.002490737,4.959629228,4.872868371,4.839964545,4.815454103,4.782270209,4.7960468,4.809006483,4.78589494,4.78234226,4.799399315,4.733183818,4.697268481,4.691725162,4.630046085,4.611211346,4.642687886,5.039780906,5.010744226,4.972296207,4.832450869,4.864098513,4.965188606,5.026675189,5.268527694,5.305211509,5.416747181,6.121677065,5.916659263,5.778952635
Puerto Rico,PRI,"Unemployment, total (% of total labor force) (modeled ILO estimate)",SL.UEM.TOTL.ZS,,,,,,,,,,,,,,,,,,,,,,,,,,,,,,,,16.18,16.93,16.91,14.6,13.93,13.64,13.8,13.46,11.81,10.08,11.4,11.94,11.78,10.31,11.35,11.01,10.93,11.48,15,16.1,15.7,14.5,14.3,13.9,12,11.8,10.8,9.2,8.3,8.89,7.9,5.971
"Korea, Dem. People's Rep.",PRK,"Unemployment, total (% of total labor force) (modeled ILO estimate)",SL.UEM.TOTL.ZS,,,,,,,,,,,,,,,,,,,,,,,,,,,,,,,,2.283,2.302,2.401,2.509,2.524,2.577,2.674,2.853,3.025,3.011,3.029,2.99,2.999,2.963,2.93,2.899,2.911,2.873,2.9,2.81,2.891,2.92,2.917,2.868,2.897,2.92,2.86,2.808,2.783,3.064,3.213,2.962
Portugal,PRT,"Unemployment, total (% of total labor force) (modeled ILO estimate)",SL.UEM.TOTL.ZS,,,,,,,,,,,,,,,,,,,,,,,,,,,,,,,,3.92,3.98,5.3,6.71,7.06,7.3,6.57,4.64,4.58,3.81,3.83,4.5,6.13,6.32,7.58,7.65,7.97,7.55,9.43,10.77,12.68,15.53,16.19,13.9,12.45,11.07,8.87,6.99,6.46,6.8,6.58,5.781
Paraguay,PRY,"Unemployment, total (% of total labor force) (modeled ILO estimate)",SL.UEM.TOTL.ZS,,,,,,,,,,,,,,,,,,,,,,,,,,,,,,,,5.1,4.98,5.06,4.41,3.4,8.15,5.36,4.42,5.34,7.61,6.21,9.39,6.81,6.51,4.82,5.28,4.71,4.42,5.46,4.57,4.67,4.09,4.38,5.03,4.56,5.25,4.61,6.22,6.59,7.55,7.31,6.886
West Bank and Gaza,PSE,"Unemployment, total (% of total labor force) (modeled ILO estimate)",SL.UEM.TOTL.ZS,,,,,,,,,,,,,,,,,,,,,,,,,,,,,,,,11.668,11.345,11.333,11.179,11.129,11.055,10.84,10.721,10.639,10.63,21.49,27.46,23,23.21,20.02,19.01,18.28,22.91,20.45,21.42,17.6,19.2,19.89,20.53,23,23.94,25.68,26.26,25.34,25.89,26.39,25.724
Pacific island small states,PSS,"Unemployment, total (% of total labor force) (modeled ILO estimate)",SL.UEM.TOTL.ZS,,,,,,,,,,,,,,,,,,,,,,,,,,,,,,,,3.204101595,3.073072406,3.183910378,3.156052241,3.228940265,3.292186764,3.459778809,3.445322417,3.399271467,3.673562605,3.625946354,3.598842807,3.568141681,3.457815294,3.023115791,3.005095023,3.107867899,3.145180029,3.293816412,3.14194291,3.088586769,3.239076304,3.046560727,3.011525699,3.005226328,2.968486723,2.974238029,3.005583728,3.017993759,3.285646308,3.376790475,3.388800596
Post-demographic dividend,PST,"Unemployment, total (% of total labor force) (modeled ILO estimate)",SL.UEM.TOTL.ZS,,,,,,,,,,,,,,,,,,,,,,,,,,,,,,,,6.303428486,6.909743724,7.486517287,7.498265742,7.379002192,7.555441857,7.356166231,7.383568637,7.114999018,6.535777989,6.372434519,6.760985948,6.844903988,6.655824113,6.356665803,5.941110472,5.526916109,5.864794404,8.01431272,8.289964381,7.998010347,8.052989324,7.96175901,7.438146085,6.866095462,6.403424161,5.835598979,5.290255852,4.94093117,6.702774313,5.777397007,4.487294764
French Polynesia,PYF,"Unemployment, total (% of total labor force) (modeled ILO estimate)",SL.UEM.TOTL.ZS,,,,,,,,,,,,,,,,,,,,,,,,,,,,,,,,12.046,12.293,12.306,12.207,12.18,12.145,11.98,11.628,11.732,11.682,11.813,11.71,11.613,11.701,11.757,11.795,11.74,11.91,12.269,12.189,12.276,12.175,12.117,12.14,12.087,12.085,11.975,12.081,12.135,13.67,13.265,13.098
Qatar,QAT,"Unemployment, total (% of total labor force) (modeled ILO estimate)",SL.UEM.TOTL.ZS,,,,,,,,,,,,,,,,,,,,,,,,,,,,,,,,0.807,0.811,0.814,0.818,0.822,0.826,0.83,0.834,0.838,0.842,0.846,0.851,0.855,0.86,0.865,0.87,0.52,0.31,0.31,0.45,0.56,0.48,0.28,0.2,0.17,0.15,0.14,0.11,0.1,0.14,0.17,0.095
Romania,ROU,"Unemployment, total (% of total labor force) (modeled ILO estimate)",SL.UEM.TOTL.ZS,,,,,,,,,,,,,,,,,,,,,,,,,,,,,,,,8.076,8.26,8.373,8.17,8.01,6.74,5.52,5.63,6.24,6.97,6.56,8.11,6.95,7.72,7.17,7.27,6.41,5.79,6.86,6.96,7.18,6.79,7.1,6.8,6.81,5.9,4.93,4.19,3.91,5.03,5.59,5.436
Russian Federation,RUS,"Unemployment, total (% of total labor force) (modeled ILO estimate)",SL.UEM.TOTL.ZS,,,,,,,,,,,,,,,,,,,,,,,,,,,,,,,,5.414,5.18,5.88,8.13,9.45,9.67,11.81,13.26,13.04,10.58,8.98,7.88,8.21,7.76,7.12,7.06,6,6.21,8.3,7.37,6.54,5.44,5.46,5.16,5.57,5.56,5.21,4.85,4.5,5.59,4.72,
Rwanda,RWA,"Unemployment, total (% of total labor force) (modeled ILO estimate)",SL.UEM.TOTL.ZS,,,,,,,,,,,,,,,,,,,,,,,,,,,,,,,,11.968,11.857,11.971,12.024,11.824,11.854,11.849,11.923,11.991,11.936,11.94,11.879,12.031,11.944,11.907,11.901,11.916,11.857,11.92,11.895,11.877,11.858,11.906,11.876,11.828,11.86,11.88,12.1,12.43,13.01,13.315,13.009
South Asia,SAS,"Unemployment, total (% of total labor force) (modeled ILO estimate)",SL.UEM.TOTL.ZS,,,,,,,,,,,,,,,,,,,,,,,,,,,,,,,,5.980343414,6.037537233,6.022887952,6.038378237,6.180933224,6.292301406,6.361924535,6.524155453,6.705755549,6.749210947,6.911580178,7.053464909,7.272871627,7.38968546,7.499232992,7.362016395,7.316563613,7.20930409,7.287081742,7.072298285,6.98436394,7.052366272,7.138717693,6.968512514,7.097498706,7.063846963,6.998601062,6.950700159,6.197325053,9.253801146,7.296216756,6.981134013
Saudi Arabia,SAU,"Unemployment, total (% of total labor force) (modeled ILO estimate)",SL.UEM.TOTL.ZS,,,,,,,,,,,,,,,,,,,,,,,,,,,,,,,,7.07,7.2,6.854,6.41,5.994,5.549,5.147,4.713,4.35,4.57,4.62,5.27,5.56,5.82,6.05,6.25,5.73,5.08,5.38,5.55,5.77,5.52,5.6,5.72,5.6,5.6,5.89,6.03,5.64,7.45,6.692,5.635
Sudan,SDN,"Unemployment, total (% of total labor force) (modeled ILO estimate)",SL.UEM.TOTL.ZS,,,,,,,,,,,,,,,,,,,,,,,,,,,,,,,,15.722,15.713,15.711,15.705,15.582,15.526,15.407,15.43,15.386,15.282,15.218,15.163,15.097,15.048,14.976,14.899,14.843,14.8,13,15.13,17.44,17.668,17.405,17.385,17.444,17.441,17.501,17.572,17.586,19.292,19.05,18.73
Senegal,SEN,"Unemployment, total (% of total labor force) (modeled ILO estimate)",SL.UEM.TOTL.ZS,,,,,,,,,,,,,,,,,,,,,,,,,,,,,,,,5.608,5.631,5.63,5.654,5.555,5.616,5.597,5.547,5.54,5.582,5.574,5.65,6.641,7.758,8.865,10.03,10.073,10.104,10.194,10.233,10.36,9.41,8.589,7.625,6.76,4.46,4.08,3.57,2.86,3.509,3.498,3.434
Singapore,SGP,"Unemployment, total (% of total labor force) (modeled ILO estimate)",SL.UEM.TOTL.ZS,,,,,,,,,,,,,,,,,,,,,,,,,,,,,,,,2.18,3.09,3.07,3.03,3.3,3.57,2.5,3.41,4.85,3.7,3.76,5.65,5.93,5.84,5.59,4.48,3.9,3.96,5.86,4.12,3.89,3.72,3.86,3.74,3.79,4.08,4.2,3.641,3.1,4.1,3.54,2.758
Solomon Islands,SLB,"Unemployment, total (% of total labor force) (modeled ILO estimate)",SL.UEM.TOTL.ZS,,,,,,,,,,,,,,,,,,,,,,,,,,,,,,,,1.398,1.307,1.475,1.422,1.409,1.593,1.673,1.651,1.719,2.112,1.972,1.874,1.691,1.722,1.783,1.836,1.886,1.894,2.02,1.568,1.288,1.055,0.69,0.734,0.733,0.691,0.698,0.714,0.744,0.892,0.988,1.543
Sierra Leone,SLE,"Unemployment, total (% of total labor force) (modeled ILO estimate)",SL.UEM.TOTL.ZS,,,,,,,,,,,,,,,,,,,,,,,,,,,,,,,,3.45,3.539,3.453,3.466,3.49,3.449,3.48,3.447,3.462,3.425,3.478,3.343,3.411,3.42,3.553,3.679,3.787,3.924,4.06,4.175,4.295,4.375,4.469,4.68,4.437,3.927,3.561,3.19,3.193,3.572,3.697,3.635
El Salvador,SLV,"Unemployment, total (% of total labor force) (modeled ILO estimate)",SL.UEM.TOTL.ZS,,,,,,,,,,,,,,,,,,,,,,,,,,,,,,,,7.53,7.88,9.94,7.68,7.65,7.68,7.98,7.1,7.3,6.96,6.96,6.2,6.9,6.8,7.22,6.57,6.41,5.88,7.33,4.89,4.3,3.84,3.69,4.15,4,4.42,4.39,4.01,4.17,5.02,4.35,3.822
San Marino,SMR,"Unemployment, total (% of total labor force) (modeled ILO estimate)",SL.UEM.TOTL.ZS,,,,,,,,,,,,,,,,,,,,,,,,,,,,,,,,,,,,,,,,,,,,,,,,,,,,,,,,,,,,,,,
Somalia,SOM,"Unemployment, total (% of total labor force) (modeled ILO estimate)",SL.UEM.TOTL.ZS,,,,,,,,,,,,,,,,,,,,,,,,,,,,,,,,19.674,19.802,19.61,19.884,19.566,19.488,19.556,19.459,19.424,19.401,19.374,19.34,19.323,19.312,19.295,19.287,19.174,19.175,19.174,19.174,19.173,19.161,19.066,19.01,18.877,18.931,18.975,18.87,18.828,19.567,19.931,20.047
Serbia,SRB,"Unemployment, total (% of total labor force) (modeled ILO estimate)",SL.UEM.TOTL.ZS,,,,,,,,,,,,,,,,,,,,,,,,,,,,,,,,13.373,12.952,12.825,13.422,13.4,13.2,13.8,13.7,13.7,12.6,12.8,13.8,15.2,18.5,20.85,20.85,18.06,13.7,16.14,19.22,22.97,24,22.15,19.22,17.66,15.26,13.48,12.73,10.39,9.01,10.06,9.473
Sub-Saharan Africa (excluding high income),SSA,"Unemployment, total (% of total labor force) (modeled ILO estimate)",SL.UEM.TOTL.ZS,,,,,,,,,,,,,,,,,,,,,,,,,,,,,,,,6.147244001,6.179281666,6.144465082,6.092085173,6.026550338,6.032802149,6.068859695,6.062266587,6.105130795,6.070346696,5.983969785,5.905859221,5.852673534,5.705954279,5.59549975,5.53491013,5.474596653,5.451311604,5.508183737,5.909842185,5.759908063,5.692640373,5.520004017,5.614791158,5.805728915,5.8505969,5.914792776,5.915200679,6.066772092,6.627844285,6.798442936,6.747199305
South Sudan,SSD,"Unemployment, total (% of total labor force) (modeled ILO estimate)",SL.UEM.TOTL.ZS,,,,,,,,,,,,,,,,,,,,,,,,,,,,,,,,12.057,12.086,12.124,12.164,12.118,12.123,12.081,12.145,12.158,12.126,12.127,12.135,12.135,12.147,12.14,12.128,12.133,12.15,12.211,12.138,12.203,12.342,12.036,12.139,12.29,12.326,12.26,12.229,12.199,13.745,13.485,12.975
Sub-Saharan Africa,SSF,"Unemployment, total (% of total labor force) (modeled ILO estimate)",SL.UEM.TOTL.ZS,,,,,,,,,,,,,,,,,,,,,,,,,,,,,,,,6.147244001,6.179281666,6.144465082,6.092085173,6.026550338,6.032802149,6.068859695,6.062266587,6.105130795,6.070346696,5.983969785,5.905859221,5.852673534,5.705954279,5.59549975,5.53491013,5.474596653,5.451311604,5.508183737,5.909842185,5.759908063,5.692640373,5.520004017,5.614791158,5.805728915,5.8505969,5.914792776,5.915200679,6.066772092,6.627844285,6.798442936,6.747199305
Small states,SST,"Unemployment, total (% of total labor force) (modeled ILO estimate)",SL.UEM.TOTL.ZS,,,,,,,,,,,,,,,,,,,,,,,,,,,,,,,,9.996941616,10.42930025,10.81080472,10.94816983,10.98123387,11.04747491,11.07027908,10.8601572,10.76562801,10.52537038,10.57743962,10.55009206,10.83552518,10.53414675,10.27909742,9.640254713,9.211575437,8.985220375,9.704331041,9.894611432,9.659282883,9.592765681,9.79792787,9.508649245,9.344729237,9.289121811,8.874273538,8.459096803,8.328059624,9.475540738,9.343316255,8.994970237
Sao Tome and Principe,STP,"Unemployment, total (% of total labor force) (modeled ILO estimate)",SL.UEM.TOTL.ZS,,,,,,,,,,,,,,,,,,,,,,,,,,,,,,,,14.515,14.519,14.495,14.45,14.442,14.441,14.44,14.378,14.36,14.4,15.73,17.63,16.36,16.12,16.47,16.65,16.315,15.617,15.258,14.585,14.105,13.59,13.617,13.64,13.78,13.839,13.911,13.998,14.078,15.443,15.34,15.318
Suriname,SUR,"Unemployment, total (% of total labor force) (modeled ILO estimate)",SL.UEM.TOTL.ZS,,,,,,,,,,,,,,,,,,,,,,,,,,,,,,,,17.095,17.28,15.64,12.7,8.39,10.88,10.56,10.63,13.6,12.741,11.913,11.143,10.303,9.49,9.374,9.19,9.031,8.875,8.72,7.15,7.54,8.1,6.6,6.94,7.22,7.92,7.91,7.932,8.029,9.524,9.078,8.639
Slovak Republic,SVK,"Unemployment, total (% of total labor force) (modeled ILO estimate)",SL.UEM.TOTL.ZS,,,,,,,,,,,,,,,,,,,,,,,,,,,,,,,,11.576,11.87,12.2,13.65,13.11,11.34,11.89,12.19,15.94,19.06,19.38,18.72,17.12,18.6,16.26,13.37,11.14,9.51,12.03,14.38,13.62,13.96,14.22,13.18,11.48,9.67,8.13,6.54,5.75,6.69,6.83,6.094
Slovenia,SVN,"Unemployment, total (% of total labor force) (modeled ILO estimate)",SL.UEM.TOTL.ZS,,,,,,,,,,,,,,,,,,,,,,,,,,,,,,,,7.08,7.673,8.51,8.24,7.15,6.88,6.65,7.39,7.32,6.92,5.68,5.92,6.48,6.01,6.51,5.95,4.82,4.37,5.86,7.24,8.17,8.84,10.1,9.67,8.96,8,6.56,5.11,4.45,4.97,4.74,4.18
Sweden,SWE,"Unemployment, total (% of total labor force) (modeled ILO estimate)",SL.UEM.TOTL.ZS,,,,,,,,,,,,,,,,,,,,,,,,,,,,,,,,3.24,5.72,9.33,9.58,8.9,9.55,10.36,8.94,7.61,5.47,4.73,4.97,5.55,6.69,7.49,7.07,6.16,6.23,8.35,8.61,7.8,7.98,8.05,7.95,7.43,6.99,6.72,6.36,6.83,8.29,8.72,7.358
Eswatini,SWZ,"Unemployment, total (% of total labor force) (modeled ILO estimate)",SL.UEM.TOTL.ZS,,,,,,,,,,,,,,,,,,,,,,,,,,,,,,,,21.901,21.818,21.772,21.747,21.65,22.078,22.5,23.092,23.663,24.271,24.868,25.36,25.95,26.533,27.044,27.619,28.24,27.72,27.074,26.39,25.811,25.106,24.524,23.973,23.317,22.72,22.731,22.756,22.782,25.08,24.56,24.389
Sint Maarten (Dutch part),SXM,"Unemployment, total (% of total labor force) (modeled ILO estimate)",SL.UEM.TOTL.ZS,,,,,,,,,,,,,,,,,,,,,,,,,,,,,,,,,,,,,,,,,,,,,,,,,,,,,,,,,,,,,,,
Seychelles,SYC,"Unemployment, total (% of total labor force) (modeled ILO estimate)",SL.UEM.TOTL.ZS,,,,,,,,,,,,,,,,,,,,,,,,,,,,,,,,,,,,,,,,,,,,,,,,,,,,,,,,,,,,,,,
Syrian Arab Republic,SYR,"Unemployment, total (% of total labor force) (modeled ILO estimate)",SL.UEM.TOTL.ZS,,,,,,,,,,,,,,,,,,,,,,,,,,,,,,,,6.75,7.036,7.4,7.5,7.2,7.264,7.378,7.449,7.6,9.602,11.63,10.955,10.28,9.575,8.873,8.17,8.42,10.94,8.14,8.61,8.626,8.856,8.863,8.744,8.721,8.765,8.747,8.746,8.742,10.011,9.816,9.61
Turks and Caicos Islands,TCA,"Unemployment, total (% of total labor force) (modeled ILO estimate)",SL.UEM.TOTL.ZS,,,,,,,,,,,,,,,,,,,,,,,,,,,,,,,,,,,,,,,,,,,,,,,,,,,,,,,,,,,,,,,
Chad,TCD,"Unemployment, total (% of total labor force) (modeled ILO estimate)",SL.UEM.TOTL.ZS,,,,,,,,,,,,,,,,,,,,,,,,,,,,,,,,0.662,0.661,0.7,0.675,0.708,0.724,0.737,0.753,0.787,0.806,0.799,0.823,0.827,0.805,0.856,0.912,0.924,0.943,0.958,0.952,1.005,1,1.027,1.042,1.072,1.118,1.127,1.13,1.12,1.645,1.538,1.412
East Asia & Pacific (IDA & IBRD countries),TEA,"Unemployment, total (% of total labor force) (modeled ILO estimate)",SL.UEM.TOTL.ZS,,,,,,,,,,,,,,,,,,,,,,,,,,,,,,,,2.402898789,2.360619822,2.61637222,2.92031441,3.001046195,3.110923048,3.206950595,3.376221154,3.460091568,3.415192334,3.850351548,4.171568807,4.424254104,4.416583014,4.495868022,4.390292463,4.368078062,4.455837195,4.439853423,4.175097397,4.124898972,4.063379104,4.064152592,4.060863859,4.136944998,4.052255128,3.931049431,3.824279814,3.911264641,4.384423439,4.094141722,4.242616414
Europe & Central Asia (IDA & IBRD countries),TEC,"Unemployment, total (% of total labor force) (modeled ILO estimate)",SL.UEM.TOTL.ZS,,,,,,,,,,,,,,,,,,,,,,,,,,,,,,,,5.994250514,6.389349066,7.081745574,8.443463046,9.424697789,10.02452717,10.66807546,11.5280376,11.94313172,11.19877054,10.78401233,10.56822965,10.32258761,10.06832778,9.398520031,8.598916992,7.501797367,7.237304035,8.867274956,8.487857542,7.947767602,7.472891819,7.539570051,7.606511069,7.576477462,7.41216325,7.059054838,6.644558716,6.72767675,7.163663981,6.844084937,
Togo,TGO,"Unemployment, total (% of total labor force) (modeled ILO estimate)",SL.UEM.TOTL.ZS,,,,,,,,,,,,,,,,,,,,,,,,,,,,,,,,3.81,3.861,3.977,3.764,3.845,3.864,3.847,4.009,3.999,4.057,4.075,4.082,4.09,4.19,4.259,4.23,3.815,3.329,2.875,2.427,1.98,2.034,2.09,2.145,2.2,2.965,3.74,3.723,3.707,4.028,4.175,4.066
Thailand,THA,"Unemployment, total (% of total labor force) (modeled ILO estimate)",SL.UEM.TOTL.ZS,,,,,,,,,,,,,,,,,,,,,,,,,,,,,,,,2.63,1.35,1.49,1.35,1.1,1.07,0.87,3.4,2.97,2.39,2.6,1.82,1.54,1.51,1.35,1.22,1.18,1.18,1.49,0.62,0.66,0.58,0.25,0.58,0.6,0.69,0.83,0.77,0.72,1.1,0.992,0.862
Tajikistan,TJK,"Unemployment, total (% of total labor force) (modeled ILO estimate)",SL.UEM.TOTL.ZS,,,,,,,,,,,,,,,,,,,,,,,,,,,,,,,,1.9,2.1,6.2,8.8,10.3,13.4,13.9,16.5,15.4,15.134,14.775,14.413,14.022,13.607,13.119,12.735,12.365,11.978,11.5,10.889,10.239,9.573,8.904,8.227,7.552,6.9,6.949,7.001,7.044,7.485,7.744,7.828
Turkmenistan,TKM,"Unemployment, total (% of total labor force) (modeled ILO estimate)",SL.UEM.TOTL.ZS,,,,,,,,,,,,,,,,,,,,,,,,,,,,,,,,1.4,1.5,1.5,4.7,8.3,10.3,11,12.2,12.7,11.513,10.644,9.708,8.948,8.151,7.468,6.583,5.739,4.943,4,4,4.087,4.077,4.096,4.126,4.114,4.14,4.171,4.196,4.226,4.799,4.787,5.019
Latin America & the Caribbean (IDA & IBRD countries),TLA,"Unemployment, total (% of total labor force) (modeled ILO estimate)",SL.UEM.TOTL.ZS,,,,,,,,,,,,,,,,,,,,,,,,,,,,,,,,5.980004727,5.912229128,5.910336364,6.523549028,7.857070839,8.279179895,8.136155425,8.515895878,9.511974683,9.412066083,9.15335473,9.613800667,9.470059072,8.873575073,8.399036184,7.687174749,7.237989329,6.861466919,7.83610936,7.101731524,6.713305944,6.420968568,6.382997494,6.196999951,6.719821791,7.867362204,8.147702389,8.042457289,8.099220912,10.35544904,9.368801811,7.117885069
Timor-Leste,TLS,"Unemployment, total (% of total labor force) (modeled ILO estimate)",SL.UEM.TOTL.ZS,,,,,,,,,,,,,,,,,,,,,,,,,,,,,,,,3.61,3.599,3.587,3.606,3.596,3.567,3.62,3.67,4.034,3.448,3.4,3.624,3.557,3.512,3.466,3.521,3.353,3.321,3.313,3.3,3.549,3.777,4.014,4.213,4.451,4.66,4.749,4.718,4.452,4.804,4.975,4.864
Middle East & North Africa (IDA & IBRD countries),TMN,"Unemployment, total (% of total labor force) (modeled ILO estimate)",SL.UEM.TOTL.ZS,,,,,,,,,,,,,,,,,,,,,,,,,,,,,,,,11.82956118,12.09965866,12.79530562,12.84282343,13.29354212,12.25297758,12.00736777,12.19056749,12.50868827,13.13947776,13.12217223,13.18173418,12.80055894,11.48267981,11.73313304,10.987087,10.50513735,10.2585625,10.42485426,10.68618174,11.44127811,11.66221181,11.39801459,11.56341773,11.83175768,11.95777065,11.94734939,11.56204705,10.77666537,11.27290051,11.26701505,11.0627457
Tonga,TON,"Unemployment, total (% of total labor force) (modeled ILO estimate)",SL.UEM.TOTL.ZS,,,,,,,,,,,,,,,,,,,,,,,,,,,,,,,,1.291,1.383,1.3,1.654,1.965,2.504,2.915,3.251,3.576,4.103,4.328,4.639,5.18,4.051,2.502,1.09,1.183,1.212,1.479,1.467,1.453,1.661,1.768,1.826,1.941,1.904,2.074,2.25,2.244,2.654,2.669,3.011
South Asia (IDA & IBRD),TSA,"Unemployment, total (% of total labor force) (modeled ILO estimate)",SL.UEM.TOTL.ZS,,,,,,,,,,,,,,,,,,,,,,,,,,,,,,,,5.980343414,6.037537233,6.022887952,6.038378237,6.180933224,6.292301406,6.361924535,6.524155453,6.705755549,6.749210947,6.911580178,7.053464909,7.272871627,7.38968546,7.499232992,7.362016395,7.316563613,7.20930409,7.287081742,7.072298285,6.98436394,7.052366272,7.138717693,6.968512514,7.097498706,7.063846963,6.998601062,6.950700159,6.197325053,9.253801146,7.296216756,6.981134013
Sub-Saharan Africa (IDA & IBRD countries),TSS,"Unemployment, total (% of total labor force) (modeled ILO estimate)",SL.UEM.TOTL.ZS,,,,,,,,,,,,,,,,,,,,,,,,,,,,,,,,6.147244001,6.179281666,6.144465082,6.092085173,6.026550338,6.032802149,6.068859695,6.062266587,6.105130795,6.070346696,5.983969785,5.905859221,5.852673534,5.705954279,5.59549975,5.53491013,5.474596653,5.451311604,5.508183737,5.909842185,5.759908063,5.692640373,5.520004017,5.614791158,5.805728915,5.8505969,5.914792776,5.915200679,6.066772092,6.627844285,6.798442936,6.747199305
Trinidad and Tobago,TTO,"Unemployment, total (% of total labor force) (modeled ILO estimate)",SL.UEM.TOTL.ZS,,,,,,,,,,,,,,,,,,,,,,,,,,,,,,,,18.52,19.66,19.81,18.44,17.22,16.25,15.01,14.21,13.12,12.1,10.88,10.39,10.48,8.33,7.95,6.27,5.54,4.63,5.28,4.03,3.43,3.72,2.68,2.48,2.43,3.21,3.309,3.405,3.52,4.21,4.45,3.982
Tunisia,TUN,"Unemployment, total (% of total labor force) (modeled ILO estimate)",SL.UEM.TOTL.ZS,,,,,,,,,,,,,,,,,,,,,,,,,,,,,,,,15.767,15.674,15.913,15.919,15.982,15.847,15.94,15.608,15.21,14.94,14.4,14.55,14.51,14.23,12.87,12.51,12.36,12.44,13.29,13.05,18.33,17.63,15.93,14.26,15.16,15.56,15.33,15.46,15.13,16.373,16.264,16.124
Turkiye,TUR,"Unemployment, total (% of total labor force) (modeled ILO estimate)",SL.UEM.TOTL.ZS,,,,,,,,,,,,,,,,,,,,,,,,,,,,,,,,8.21,8.51,8.96,8.58,7.64,6.63,6.84,6.89,7.69,6.5,8.38,10.36,10.54,10.84,10.64,8.72,8.87,9.71,12.55,10.66,8.8,8.15,8.73,9.88,10.24,10.84,10.82,10.89,13.67,13.11,11.98,10.03
Tuvalu,TUV,"Unemployment, total (% of total labor force) (modeled ILO estimate)",SL.UEM.TOTL.ZS,,,,,,,,,,,,,,,,,,,,,,,,,,,,,,,,,,,,,,,,,,,,,,,,,,,,,,,,,,,,,,,
Tanzania,TZA,"Unemployment, total (% of total labor force) (modeled ILO estimate)",SL.UEM.TOTL.ZS,,,,,,,,,,,,,,,,,,,,,,,,,,,,,,,,3.6,3.58,3.512,3.451,3.355,3.281,3.249,3.193,3.117,3.072,2.99,3.031,3.103,3.151,3.216,3.3,3.024,2.77,2.5,2.99,3.47,3.256,2.93,2.12,2.144,2.151,2.168,2.203,2.214,2.78,2.74,2.762
Uganda,UGA,"Unemployment, total (% of total labor force) (modeled ILO estimate)",SL.UEM.TOTL.ZS,,,,,,,,,,,,,,,,,,,,,,,,,,,,,,,,3.319,3.372,3.31,3.361,3.298,3.36,3.449,3.475,3.442,3.552,3.539,3.5,3.6,2.746,1.9,2.276,2.724,3.143,3.6,3.587,3.491,3.55,1.91,2.323,2.749,3.183,3.64,3.571,3.554,4.511,4.295,4.28
Ukraine,UKR,"Unemployment, total (% of total labor force) (modeled ILO estimate)",SL.UEM.TOTL.ZS,,,,,,,,,,,,,,,,,,,,,,,,,,,,,,,,1.9,1.9,2,2,5.62,7.65,8.93,11.32,11.86,11.71,11.06,10.14,9.06,8.59,7.18,6.81,6.35,6.36,8.84,8.1,7.85,7.53,7.17,9.27,9.14,9.35,9.5,8.8,8.19,9.48,9.83,
Upper middle income,UMC,"Unemployment, total (% of total labor force) (modeled ILO estimate)",SL.UEM.TOTL.ZS,,,,,,,,,,,,,,,,,,,,,,,,,,,,,,,,3.758168656,3.787704629,4.10232354,4.550193028,4.952970276,5.121610051,5.29052073,5.53673181,5.702191399,5.464021406,5.699052402,5.978691236,6.161858025,5.973449559,5.896889624,5.661599928,5.444658206,5.534763979,6.04288294,5.714788302,5.557659286,5.456686439,5.480336838,5.487447204,5.679035808,5.934874246,5.951313957,5.811726267,6.051081422,6.786562033,6.342801766,6.097262299
Uruguay,URY,"Unemployment, total (% of total labor force) (modeled ILO estimate)",SL.UEM.TOTL.ZS,,,,,,,,,,,,,,,,,,,,,,,,,,,,,,,,8.95,8.96,8.35,9.04,10.02,11.93,11.44,9.36,10.47,12.63,15.05,16.65,16.66,12.98,12.01,10.84,9.4,8.03,7.74,7.16,6.31,6.45,6.44,6.55,7.49,7.84,7.89,8.34,8.73,10.33,9.29,7.841
United States,USA,"Unemployment, total (% of total labor force) (modeled ILO estimate)",SL.UEM.TOTL.ZS,,,,,,,,,,,,,,,,,,,,,,,,,,,,,,,,6.8,7.5,6.9,6.12,5.65,5.45,5,4.51,4.22,3.99,4.73,5.78,5.99,5.53,5.08,4.62,4.62,5.78,9.25,9.63,8.95,8.07,7.37,6.17,5.28,4.87,4.36,3.9,3.67,8.05,5.35,3.611
Uzbekistan,UZB,"Unemployment, total (% of total labor force) (modeled ILO estimate)",SL.UEM.TOTL.ZS,,,,,,,,,,,,,,,,,,,,,,,,,,,,,,,,1.9,2.9,4.9,7.3,7.8,10.7,10.9,13.3,13.3,12.211,11.181,10.113,9.072,8.171,7.071,6.012,4.99,4.89,5.04,5.36,4.96,4.87,4.86,5.09,5.15,5.16,5.83,5.856,5.861,5.29,6.017,6.006
St. Vincent and the Grenadines,VCT,"Unemployment, total (% of total labor force) (modeled ILO estimate)",SL.UEM.TOTL.ZS,,,,,,,,,,,,,,,,,,,,,,,,,,,,,,,,19.77,19.734,19.802,20.185,20.059,20.395,20.471,20.596,20.781,20.958,21.1,20.629,20.26,20.037,19.757,19.278,19.071,18.79,18.917,18.977,18.919,18.893,18.905,18.948,18.969,18.978,19.028,19.02,19.09,20.55,20.398,18.975
"Venezuela, RB",VEN,"Unemployment, total (% of total labor force) (modeled ILO estimate)",SL.UEM.TOTL.ZS,,,,,,,,,,,,,,,,,,,,,,,,,,,,,,,,9.45,7.69,6.6,8.56,10.24,11.77,11.16,11.15,14.53,13.99,13.04,16.17,16.78,15.07,10.66,8.61,7.28,6.25,6.1,7.11,6.9,6.6,7.54,6.865,6.077,5.32,5.05,5.02,5.092,7.53,6.471,5.328
British Virgin Islands,VGB,"Unemployment, total (% of total labor force) (modeled ILO estimate)",SL.UEM.TOTL.ZS,,,,,,,,,,,,,,,,,,,,,,,,,,,,,,,,,,,,,,,,,,,,,,,,,,,,,,,,,,,,,,,
Virgin Islands (U.S.),VIR,"Unemployment, total (% of total labor force) (modeled ILO estimate)",SL.UEM.TOTL.ZS,,,,,,,,,,,,,,,,,,,,,,,,,,,,,,,,12.016,12.275,12.44,12.252,11.832,11.734,11.543,11.3,10.923,10.5,10.6,10.837,11.164,10.844,10.769,10.228,10.024,10.112,11.406,11.55,11.826,11.91,12.402,12.475,12.258,12.354,12.053,12.245,12.35,13.255,13.173,12.382
Vietnam,VNM,"Unemployment, total (% of total labor force) (modeled ILO estimate)",SL.UEM.TOTL.ZS,,,,,,,,,,,,,,,,,,,,,,,,,,,,,,,,2.124,1.938,1.989,1.945,1.907,1.93,2.87,2.29,2.33,2.26,2.76,2.12,2.25,2.14,2.094,2.086,2.03,1.927,1.74,1.11,1,1.03,1.32,1.26,1.85,1.85,1.87,1.16,1.68,2.1,2.38,1.923
Vanuatu,VUT,"Unemployment, total (% of total labor force) (modeled ILO estimate)",SL.UEM.TOTL.ZS,,,,,,,,,,,,,,,,,,,,,,,,,,,,,,,,1.734,1.751,1.797,1.622,1.8,1.773,1.719,1.808,1.832,1.708,1.932,1.983,1.753,1.763,1.737,1.672,1.799,1.741,1.804,1.85,1.801,1.849,1.859,1.792,1.855,1.749,1.71,1.784,1.757,2.017,2.118,2.089
World,WLD,"Unemployment, total (% of total labor force) (modeled ILO estimate)",SL.UEM.TOTL.ZS,,,,,,,,,,,,,,,,,,,,,,,,,,,,,,,,4.935554057,5.082846678,5.351633302,5.610717543,5.777608253,5.88168548,5.920936237,6.092634989,6.233892655,6.071095915,6.179642868,6.423961127,6.541283151,6.415050729,6.337330861,6.063905377,5.850843176,5.869628132,6.460856129,6.345971791,6.191900754,6.138950028,6.116379619,5.98145367,6.010954271,6.003252339,5.873657609,5.699075916,5.543160721,6.898282487,6.201813623,5.770831271
Samoa,WSM,"Unemployment, total (% of total labor force) (modeled ILO estimate)",SL.UEM.TOTL.ZS,,,,,,,,,,,,,,,,,,,,,,,,,,,,,,,,2.1,2.385,2.632,3.04,3.189,3.475,3.909,4.18,4.485,4.664,4.96,5.099,5.159,5.22,5.297,5.426,5.359,5.584,5.836,5.731,5.68,8.75,8.661,8.72,8.763,8.819,9.4,9.472,9.147,9.793,9.91,10.313
Kosovo,XKX,"Unemployment, total (% of total labor force) (modeled ILO estimate)",SL.UEM.TOTL.ZS,,,,,,,,,,,,,,,,,,,,,,,,,,,,,,,,,,,,,,,,,,,,,,,,,,,,,,,,,,,,,,,
"Yemen, Rep.",YEM,"Unemployment, total (% of total labor force) (modeled ILO estimate)",SL.UEM.TOTL.ZS,,,,,,,,,,,,,,,,,,,,,,,,,,,,,,,,8.342,8.325,8.365,8.34,8.967,9.595,10.206,10.814,11.46,11.558,11.718,11.845,11.977,12.103,12.21,12.371,12.498,12.623,12.75,12.826,13.249,13.165,13.264,13.47,13.783,13.407,13.25,13.076,12.978,13.575,13.887,13.59
South Africa,ZAF,"Unemployment, total (% of total labor force) (modeled ILO estimate)",SL.UEM.TOTL.ZS,,,,,,,,,,,,,,,,,,,,,,,,,,,,,,,,21.194,21.159,20.971,20.828,20.75,20.627,20.595,20.573,20.419,20.266,20.217,20.088,20.015,19.866,19.744,19.635,19.543,19.51,20.51,23.18,21.42,21.79,22.04,22.61,22.87,24.02,23.99,24.22,25.54,24.34,28.77,29.806
Zambia,ZMB,"Unemployment, total (% of total labor force) (modeled ILO estimate)",SL.UEM.TOTL.ZS,,,,,,,,,,,,,,,,,,,,,,,,,,,,,,,,18.9,19.46,19.7,18.679,16.858,15.3,13.638,12,12.411,12.93,13.503,14.131,14.686,15.294,15.9,13.235,10.576,7.93,10.56,13.19,10.585,7.85,8.005,8.133,8.28,8.393,8.52,5.03,5.54,6.03,6.22,6.131
Zimbabwe,ZWE,"Unemployment, total (% of total labor force) (modeled ILO estimate)",SL.UEM.TOTL.ZS,,,,,,,,,,,,,,,,,,,,,,,,,,,,,,,,4.997,5.069,5.01,4.96,5.654,6.236,6.93,6.453,6,5.688,5.34,5.069,4.774,4.39,4.546,4.692,4.848,5.075,5.077,5.189,5.37,5.139,4.994,4.77,5.282,5.796,6.279,6.784,7.37,7.898,8.067,7.945
